Inputs,"f(x,y)","f*(x,y)"
1.05,1.46097,-0.836902
1.5,2.09495,-0.83688
0.25,0.283768,-0.836945
1.7,2.35166,-0.836871
0.45,0.555966,-0.836934
1.65,2.28896,-0.836873
0.35,0.415663,-0.83694
0.9,1.23518,-0.83691
1.1,1.53493,-0.8369
1.85,2.53402,-0.836864
1.0,1.38629,-0.836905
1.15,1.60811,-0.836897
