Inputs,"f(x,y)","f*(x,y)"
1.9,2.59294,-0.0494
1.35,1.89204,-0.119988
1.65,2.28896,-0.0802435
0.85,1.15896,-0.192126
1.7,2.35166,-0.0739053
1.0,1.38629,-0.169793
1.3,1.82245,-0.126888
0.8,1.08248,-0.199685
0.1,0.105261,-0.309736
1.2,1.68046,-0.140909
0.65,0.853191,-0.222671
0.0,0.0,-0.325806
