Inputs,"f(x,y)","f*(x,y)"
1.55,2.1606,0.150852
1.95,2.65094,0.245705
1.1,1.53493,0.03407
1.4,1.96066,0.113031
1.5,2.09495,0.138375
0.75,1.0059,-0.0628437
0.5,0.628609,-0.134499
0.65,0.853191,-0.0913035
0.8,1.08248,-0.048729
1.3,1.82245,0.0871834
0.35,0.415663,-0.178184
0.85,1.15896,-0.0346973
