Inputs,"f(x,y)","f*(x,y)"
1.05,1.46097,0.368149
0.95,1.311,0.368166
1.9,2.59294,0.368011
1.3,1.82245,0.368106
1.65,2.28896,0.36805
0.6,0.777488,0.368228
0.1,0.105261,0.368319
0.35,0.415663,0.368273
0.45,0.555966,0.368255
1.85,2.53402,0.368018
0.2,0.221542,0.368301
0.25,0.283768,0.368291
