Inputs,"f(x,y)","f*(x,y)"
0.4478,0.552804,-0.0905497
1.96686,2.6703,-0.091064
0.955047,1.31862,-0.0907465
1.50764,2.10504,-0.0909343
0.832413,1.13208,-0.0907008
1.92116,2.6176,-0.0910523
1.94291,2.64277,-0.0910578
1.02162,1.41867,-0.0907709
1.90235,2.59569,-0.0910472
1.33234,1.86757,-0.0908783
0.472899,0.589057,-0.0905598
0.887771,1.21657,-0.0907215
