Inputs,"f(x,y)","f*(x,y)"
1.69022,2.33947,-0.224251
1.77018,2.43805,-0.224048
0.406077,0.493438,-0.22907
0.880283,1.20517,-0.22698
0.24284,0.274697,-0.22985
0.0329234,0.0334764,-0.230881
1.7987,2.47262,-0.223978
0.0976572,0.10267,-0.23056
0.23673,0.266998,-0.229879
1.62725,2.2601,-0.224419
0.221226,0.247636,-0.229954
0.463112,0.574875,-0.228804
