Inputs,"f(x,y)","f*(x,y)"
1.82345,2.50237,0.719507
1.4492,2.02722,0.719507
1.02503,1.42375,0.719507
0.310337,0.362234,0.719507
1.31789,1.84746,0.719507
0.510488,0.64402,0.719507
0.0582486,0.0600025,0.719507
1.61248,2.24126,0.719507
0.854624,1.16602,0.719507
1.53077,2.13546,0.719508
0.585204,0.75522,0.719507
1.06779,1.48736,0.719507
