Inputs,"f(x,y)","f*(x,y)"
0.727496,0.97145,1.34958
1.50193,2.0975,1.34071
1.32364,1.85548,1.34256
1.11095,1.55102,1.34493
1.97453,2.67907,1.33644
1.68976,2.3389,1.3389
0.651059,0.854802,1.35056
1.18214,1.65471,1.34412
0.524153,0.664179,1.35222
1.46678,2.05078,1.34107
0.704554,0.936363,1.34988
0.474478,0.591351,1.35288
