Inputs,"f(x,y)","f*(x,y)"
1.12492,1.5715,-0.69761
0.493015,0.618376,-0.69726
1.33861,1.87627,-0.697723
0.72703,0.970738,-0.697391
0.143267,0.154208,-0.697065
1.71678,2.37248,-0.697913
0.975218,1.34905,-0.697528
0.701232,0.931287,-0.697376
0.139224,0.149545,-0.697063
1.06622,1.48505,-0.697578
0.888153,1.21715,-0.69748
1.02481,1.42343,-0.697555
