Inputs,"f(x,y)","f*(x,y)"
1.23743,1.73403,0.014026
1.45792,2.03891,0.0140258
0.0497678,0.0510428,0.0140267
0.249043,0.282552,0.0140265
1.4337,2.00635,0.0140258
0.382008,0.459754,0.0140265
1.13067,1.57992,0.014026
1.00747,1.39749,0.0140261
1.68308,2.33055,0.0140257
1.62427,2.25631,0.0140256
0.709448,0.943844,0.0140263
1.60135,2.227,0.0140257
