Inputs,"f(x,y)","f*(x,y)"
0.2,0.221542,0.629937
1.85,2.53402,0.62994
1.65,2.28896,0.629941
1.25,1.75191,0.62994
0.65,0.853191,0.629939
0.35,0.415663,0.629938
1.8,2.47418,0.62994
1.7,2.35166,0.62994
1.15,1.60811,0.62994
0.5,0.628609,0.629939
0.45,0.555966,0.629938
0.9,1.23518,0.62994
