Inputs,"f(x,y)","f*(x,y)"
0.3,0.348542,-0.684726
1.85,2.53402,-0.682609
0.85,1.15896,-0.685402
0.65,0.853191,-0.685271
0.4,0.484892,-0.684912
1.65,2.28896,-0.683732
0.95,1.311,-0.685401
0.15,0.162013,-0.684417
1.1,1.53493,-0.685303
1.9,2.59294,-0.682277
0.45,0.555966,-0.684998
1.3,1.82245,-0.684968
