Inputs,"f(x,y)","f*(x,y)"
1.11323,1.55437,-0.65855
1.35514,1.89913,-0.58734
0.708345,0.942158,-0.782847
1.65235,2.29193,-0.503649
0.537968,0.684647,-0.836644
0.372642,0.446767,-0.889447
1.78203,2.45244,-0.468578
1.71672,2.37242,-0.486126
0.580908,0.748767,-0.823019
0.123855,0.131988,-0.969639
0.140464,0.150974,-0.964268
1.604,2.23041,-0.516957
