Inputs,"f(x,y)","f*(x,y)"
0.55,0.70254,-0.674518
1.55,2.1606,-0.674552
0.2,0.221542,-0.674509
0.1,0.105261,-0.674507
1.0,1.38629,-0.674531
1.05,1.46097,-0.674533
0.05,0.051287,-0.674506
0.15,0.162013,-0.674508
0.95,1.311,-0.674529
1.75,2.4134,-0.674561
0.85,1.15896,-0.674526
1.95,2.65094,-0.674571
