Inputs,"f(x,y)","f*(x,y)"
1.9,2.59294,1.09187
0.95,1.311,0.945359
1.4,1.96066,1.02059
0.4,0.484892,0.842608
0.55,0.70254,0.871508
1.05,1.46097,0.962885
0.85,1.15896,0.927424
0.3,0.348542,0.82309
0.6,0.777488,0.881019
1.85,2.53402,1.08537
1.0,1.38629,0.954176
1.3,1.82245,1.00471
