Inputs,"f(x,y)","f*(x,y)"
1.55,2.1606,-0.661816
0.2,0.221542,-0.661816
0.55,0.70254,-0.661816
1.45,2.0283,-0.661816
0.85,1.15896,-0.661816
1.9,2.59294,-0.661816
1.3,1.82245,-0.661816
0.95,1.311,-0.661816
0.45,0.555966,-0.661816
1.0,1.38629,-0.661816
1.5,2.09495,-0.661816
0.7,0.929404,-0.661816
