Inputs,"f(x,y)","f*(x,y)"
0.680678,0.899907,0.790343
1.25618,1.76068,0.790311
0.950281,1.31142,0.790327
0.504301,0.634922,0.790354
1.54209,2.15028,0.790297
1.2155,1.70271,0.790313
1.52429,2.12697,0.790298
1.67984,2.32649,0.790291
0.0511015,0.0524466,0.790383
1.2976,1.81908,0.790308
1.05348,1.46614,0.790321
1.72053,2.37712,0.79029
