Inputs,"f(x,y)","f*(x,y)"
1.97558,2.68027,1.94915
0.0889339,0.0930773,1.94916
0.606166,0.786788,1.94916
0.114648,0.121597,1.94916
1.03866,1.44409,1.94915
0.837879,1.14044,1.94915
0.580705,0.748463,1.94916
0.136907,0.146881,1.94916
1.06844,1.48834,1.94915
1.36376,1.91102,1.94915
0.341419,0.403987,1.94916
1.06332,1.48074,1.94915
