Inputs,"f(x,y)","f*(x,y)"
0.182355,0.200221,0.260124
1.93703,2.63598,0.248336
1.85639,2.5416,0.248773
1.42605,1.99602,0.251301
0.128943,0.137771,0.260533
0.300055,0.348614,0.259225
1.35326,1.89655,0.25176
0.96675,1.33629,0.254339
0.905158,1.24302,0.25477
1.87507,2.56367,0.248671
1.81125,2.48773,0.249023
0.0541603,0.0556736,0.261108
