Inputs,"f(x,y)","f*(x,y)"
0.95,1.311,0.312178
1.1,1.53493,0.323495
1.5,2.09495,0.350085
0.6,0.777488,0.283369
0.75,1.0059,0.296089
1.65,2.28896,0.358619
0.5,0.628609,0.274629
1.75,2.4134,0.363861
0.05,0.051287,0.23361
0.8,1.08248,0.30021
1.4,1.96066,0.343953
1.7,2.35166,0.361285
