Inputs,"f(x,y)","f*(x,y)"
1.2,1.68046,-0.106677
0.65,0.853191,-0.106672
0.45,0.555966,-0.10667
1.85,2.53402,-0.106683
0.35,0.415663,-0.106669
1.0,1.38629,-0.106675
0.75,1.0059,-0.106673
1.9,2.59294,-0.106683
0.5,0.628609,-0.10667
1.45,2.0283,-0.10668
1.35,1.89204,-0.106679
1.5,2.09495,-0.10668
