Inputs,"f(x,y)","f*(x,y)"
0.25,0.283768,0.716439
1.15,1.60811,0.716439
0.95,1.311,0.716439
0.3,0.348542,0.716439
1.8,2.47418,0.716439
1.6,2.22527,0.716439
1.4,1.96066,0.716439
0.8,1.08248,0.716439
0.5,0.628609,0.716439
0.6,0.777488,0.716439
1.85,2.53402,0.716439
0.4,0.484892,0.716439
