Inputs,"f(x,y)","f*(x,y)"
0.05,0.051287,0.439845
1.45,2.0283,0.439881
0.65,0.853191,0.439861
1.8,2.47418,0.439889
1.1,1.53493,0.439872
0.1,0.105261,0.439846
0.6,0.777488,0.43986
1.3,1.82245,0.439877
1.65,2.28896,0.439886
0.9,1.23518,0.439867
0.4,0.484892,0.439854
1.9,2.59294,0.439892
