Inputs,"f(x,y)","f*(x,y)"
0.130412,0.139447,-0.377447
0.356491,0.424537,-0.377447
0.704374,0.936088,-0.377446
1.65535,2.29571,-0.377446
1.88735,2.57812,-0.377446
0.216139,0.241339,-0.377447
1.85884,2.54451,-0.377446
0.342917,0.40602,-0.377447
1.29356,1.81342,-0.377446
1.00083,1.38753,-0.377446
1.0313,1.43311,-0.377446
0.91182,1.25314,-0.377446
