Inputs,"f(x,y)","f*(x,y)"
0.5,0.628609,0.60141
1.05,1.46097,0.528415
0.15,0.162013,0.649632
0.2,0.221542,0.6427
1.55,2.1606,0.467067
1.45,2.0283,0.478867
0.65,0.853191,0.581072
0.6,0.777488,0.587822
1.5,2.09495,0.472936
1.35,1.89204,0.490914
1.25,1.75191,0.503195
0.3,0.348542,0.628869
