Inputs,"f(x,y)","f*(x,y)"
1.67516,2.32063,-0.195882
1.54464,2.15361,-0.195907
0.305101,0.355286,-0.196175
0.669385,0.882692,-0.196091
0.744729,0.997832,-0.196074
1.78686,2.45831,-0.195861
0.915916,1.25936,-0.196036
0.681772,0.901575,-0.196088
0.818318,1.11052,-0.196058
1.45038,2.0288,-0.195925
1.14258,1.5973,-0.195988
0.23581,0.265842,-0.196191
