Inputs,"f(x,y)","f*(x,y)"
0.670269,0.884039,0.707941
0.174131,0.190399,0.707344
0.122412,0.130354,0.707285
1.79326,2.46605,0.709449
1.46992,2.05496,0.708994
0.327752,0.385521,0.707525
1.68851,2.33734,0.7093
0.275847,0.316946,0.707463
1.53327,2.13874,0.709082
1.14635,1.60279,0.708555
1.40931,1.97332,0.708911
0.0823538,0.0858974,0.707238
