Inputs,"f(x,y)","f*(x,y)"
0.283555,0.326969,-0.854529
0.30496,0.355099,-0.854529
1.38769,1.94386,-0.854566
1.18197,1.65446,-0.854559
0.399546,0.484254,-0.854533
1.18743,1.66235,-0.85456
0.090183,0.0944457,-0.854522
1.19654,1.67548,-0.85456
0.289386,0.334588,-0.854529
0.122707,0.130688,-0.854523
1.15354,1.61327,-0.854558
1.40142,1.96259,-0.854566
