Inputs,"f(x,y)","f*(x,y)"
1.8,2.47418,0.0283733
0.05,0.051287,0.0153514
1.15,1.60811,0.0241479
0.8,1.08248,0.0215084
0.2,0.221542,0.0166092
1.05,1.46097,0.0234162
0.65,0.853191,0.0203176
0.1,0.105261,0.0157708
0.3,0.348542,0.0174448
1.5,2.09495,0.0265442
0.6,0.777488,0.0199142
0.15,0.162013,0.0161902
