Inputs,"f(x,y)","f*(x,y)"
1.35,1.89204,-0.819754
0.8,1.08248,-0.819846
0.75,1.0059,-0.819855
0.35,0.415663,-0.819924
1.0,1.38629,-0.819813
0.9,1.23518,-0.819829
0.7,0.929404,-0.819863
1.05,1.46097,-0.819804
1.3,1.82245,-0.819762
1.85,2.53402,-0.819673
1.55,2.1606,-0.819722
1.6,2.22527,-0.819713
