Inputs,"f(x,y)","f*(x,y)"
1.46028,2.04208,1.04653
0.323465,0.379764,1.0642
1.59748,2.22203,1.04457
1.51256,2.11153,1.04578
0.376008,0.451426,1.06335
0.999929,1.38619,1.05341
0.46156,0.572632,1.06195
0.694147,0.920465,1.05821
0.562136,0.720649,1.06033
1.06876,1.48881,1.05235
1.7012,2.35315,1.04313
0.670472,0.884347,1.05859
