Inputs,"f(x,y)","f*(x,y)"
0.337686,0.398927,-0.23602
0.671062,0.885246,-0.231422
1.94709,2.64759,-0.215883
0.843145,1.14849,-0.229108
1.49063,2.08254,-0.220959
0.191742,0.211522,-0.238062
0.335432,0.395878,-0.236052
1.53502,2.14103,-0.22044
1.12039,1.56487,-0.225498
1.09703,1.53056,-0.225796
1.60577,2.23267,-0.219623
1.34022,1.8785,-0.22276
