Inputs,"f(x,y)","f*(x,y)"
0.15,0.162013,-0.666633
1.5,2.09495,-0.666632
1.4,1.96066,-0.666632
0.85,1.15896,-0.666632
0.8,1.08248,-0.666632
1.85,2.53402,-0.666632
0.5,0.628609,-0.666632
1.8,2.47418,-0.666632
0.05,0.051287,-0.666633
0.7,0.929404,-0.666632
1.1,1.53493,-0.666632
1.05,1.46097,-0.666632
