Inputs,"f(x,y)","f*(x,y)"
0.45,0.555966,-0.0958221
0.1,0.105261,-0.0958221
0.65,0.853191,-0.0958221
1.95,2.65094,-0.0958221
0.9,1.23518,-0.0958221
0.4,0.484892,-0.0958221
1.75,2.4134,-0.0958222
1.2,1.68046,-0.0958221
0.75,1.0059,-0.0958221
0.95,1.311,-0.0958221
0.15,0.162013,-0.0958221
1.25,1.75191,-0.0958221
