Inputs,"f(x,y)","f*(x,y)"
1.75,2.4134,0.796371
1.1,1.53493,0.796372
0.35,0.415663,0.796372
0.0,0.0,0.796372
0.45,0.555966,0.796372
0.7,0.929404,0.796372
0.5,0.628609,0.796372
0.3,0.348542,0.796372
0.05,0.051287,0.796372
0.85,1.15896,0.796372
0.1,0.105261,0.796372
1.45,2.0283,0.796371
