Inputs,"f(x,y)","f*(x,y)"
1.2,1.68046,0.277428
1.85,2.53402,0.277428
0.2,0.221542,0.277428
0.65,0.853191,0.277428
1.75,2.4134,0.277428
1.65,2.28896,0.277428
0.85,1.15896,0.277428
0.05,0.051287,0.277428
1.9,2.59294,0.277428
0.25,0.283768,0.277428
1.95,2.65094,0.277428
1.3,1.82245,0.277428
