Inputs,"f(x,y)","f*(x,y)"
0.8,1.08248,0.0530059
0.9,1.23518,0.0534593
0.7,0.929404,0.0525558
1.6,2.22527,0.0567194
1.4,1.96066,0.055773
0.55,0.70254,0.0518859
1.3,1.82245,0.055304
0.75,1.0059,0.0527805
0.85,1.15896,0.0532321
1.7,2.35166,0.0571963
1.05,1.46097,0.0541451
0.45,0.555966,0.0514427
