Inputs,"f(x,y)","f*(x,y)"
0.477006,0.595024,0.519605
1.53676,2.14332,0.519591
0.746985,1.00129,0.519601
0.870983,1.19099,0.519599
0.470093,0.584986,0.519605
0.283533,0.32694,0.519608
1.32794,1.86145,0.519593
0.467401,0.581084,0.519605
1.79267,2.46533,0.519588
1.26054,1.76686,0.519594
0.891708,1.22256,0.519599
0.551832,0.705271,0.519604
