Inputs,"f(x,y)","f*(x,y)"
0.347906,0.412808,0.199453
0.726086,0.969293,0.199453
1.05118,1.46272,0.199453
0.296333,0.343708,0.199453
0.233546,0.263001,0.199453
0.412547,0.502564,0.199453
0.180133,0.19756,0.199453
0.366791,0.438689,0.199453
0.584984,0.754889,0.199453
0.283239,0.326556,0.199453
1.11094,1.55102,0.199453
1.61823,2.24861,0.199453
