Inputs,"f(x,y)","f*(x,y)"
1.32005,1.85048,0.345123
0.365931,0.437503,0.345352
1.12396,1.57011,0.345167
1.20014,1.68066,0.345149
1.57384,2.19156,0.345069
0.653079,0.857872,0.34528
0.912526,1.25422,0.345216
1.80754,2.48327,0.345022
0.866951,1.18484,0.345227
0.21465,0.2395,0.34539
0.105912,0.111825,0.345417
1.23146,1.72552,0.345142
