Inputs,"f(x,y)","f*(x,y)"
1.37818,1.93084,0.660033
1.81744,2.49516,0.660048
1.56823,2.1843,0.660039
1.65282,2.29251,0.660042
0.759837,1.02097,0.660008
1.96344,2.66639,0.660053
1.96267,2.6655,0.660053
1.74298,2.40479,0.660046
0.602987,0.781993,0.660001
0.974876,1.34853,0.660017
1.94202,2.64174,0.660052
1.53972,2.14718,0.660039
