Inputs,"f(x,y)","f*(x,y)"
1.23278,1.72741,-0.192497
1.82576,2.50513,-0.210532
0.279511,0.321703,-0.158249
1.26913,1.77901,-0.193691
0.261353,0.298258,-0.15756
0.982272,1.35966,-0.183997
1.38469,1.93975,-0.197414
0.54997,0.702496,-0.168405
0.535234,0.68059,-0.167857
1.05361,1.46633,-0.186464
1.80938,2.48549,-0.210077
1.65763,2.29859,-0.205745
