Inputs,"f(x,y)","f*(x,y)"
0.0541386,0.0556506,-0.857891
0.199959,0.221493,-0.844577
1.92956,2.62734,-0.705334
1.38936,1.94613,-0.743342
0.674011,0.889741,-0.802121
1.15128,1.60998,-0.761963
0.149869,0.16186,-0.849145
1.9949,2.70226,-0.701164
1.03162,1.4336,-0.771705
0.0985007,0.103602,-0.853836
1.86,2.54588,-0.709877
0.486323,0.608598,-0.818714
