Inputs,"f(x,y)","f*(x,y)"
0.126559,0.135058,-0.392887
1.96092,2.66349,-0.409998
0.428548,0.525265,-0.398107
0.0149498,0.0150627,-0.390896
1.54805,2.15806,-0.410067
0.299095,0.347348,-0.395916
1.12432,1.57062,-0.40742
0.0786672,0.0818957,-0.392034
1.99628,2.70383,-0.40987
1.30219,1.82552,-0.408855
0.177191,0.194045,-0.393785
1.41825,1.98546,-0.409542
