Inputs,"f(x,y)","f*(x,y)"
0.289253,0.334414,0.240311
0.0774307,0.0805568,0.240314
1.1426,1.59733,0.240299
1.86125,2.54736,0.240291
1.09077,1.52134,0.2403
1.3783,1.931,0.240296
1.53929,2.14662,0.240295
0.850009,1.15898,0.240303
0.627133,0.818491,0.240306
1.19816,1.67781,0.240298
1.96524,2.66844,0.24029
1.61063,2.23889,0.240294
