Inputs,"f(x,y)","f*(x,y)"
1.45398,2.03364,0.357518
1.29842,1.82023,0.356875
0.845719,1.15242,0.354882
0.857128,1.16985,0.354934
1.71994,2.3764,0.358561
1.51499,2.11473,0.357763
1.86052,2.5465,0.359084
0.719569,0.959322,0.354298
0.925801,1.27436,0.355247
0.272928,0.313166,0.352159
1.31835,1.8481,0.356959
0.874533,1.1964,0.355014
