Inputs,"f(x,y)","f*(x,y)"
1.45,2.0283,0.327822
0.05,0.051287,0.324981
1.2,1.68046,0.327285
1.3,1.82245,0.327499
1.8,2.47418,0.328583
1.55,2.1606,0.328038
1.95,2.65094,0.32891
0.7,0.929404,0.326244
1.25,1.75191,0.327392
0.85,1.15896,0.326551
0.2,0.221542,0.325262
1.35,1.89204,0.327606
