Inputs,"f(x,y)","f*(x,y)"
0.726872,0.970496,-0.0785386
0.873854,1.19537,-0.0783508
1.24198,1.74051,-0.0778391
0.473553,0.590006,-0.0788446
0.772608,1.04053,-0.0784812
1.76277,2.42902,-0.0770005
1.86149,2.54764,-0.0768252
1.83242,2.51309,-0.0768773
1.16836,1.63478,-0.0779465
1.78856,2.46036,-0.0769551
0.408037,0.496199,-0.0789206
1.99933,2.70729,-0.076572
