Inputs,"f(x,y)","f*(x,y)"
0.616608,0.802562,0.446478
0.0985558,0.103663,0.446474
0.585502,0.755668,0.446478
1.16863,1.63516,0.446483
0.0389915,0.0397697,0.446474
0.0294414,0.0298827,0.446474
0.924482,1.27236,0.446481
1.49346,2.08629,0.446485
1.90437,2.59805,0.446488
1.95169,2.65289,0.446488
1.62162,2.25293,0.446486
0.701124,0.931121,0.446479
