Inputs,"f(x,y)","f*(x,y)"
0.5,0.628609,-0.170217
0.75,1.0059,-0.170207
1.85,2.53402,-0.170165
0.25,0.283768,-0.170227
0.55,0.70254,-0.170215
1.5,2.09495,-0.170178
0.0,0.0,-0.170237
1.7,2.35166,-0.17017
0.6,0.777488,-0.170213
1.8,2.47418,-0.170167
1.35,1.89204,-0.170183
1.65,2.28896,-0.170172
