Inputs,"f(x,y)","f*(x,y)"
0.349721,0.415283,0.673154
0.276897,0.318307,0.673154
0.787887,1.06393,0.673154
0.881013,1.20628,0.673154
1.30276,1.82632,0.673154
0.650276,0.85361,0.673154
0.195188,0.215694,0.673154
1.67005,2.31421,0.673154
0.317947,0.372377,0.673154
1.41173,1.97662,0.673154
0.641097,0.839667,0.673154
1.00035,1.38682,0.673154
