Inputs,"f(x,y)","f*(x,y)"
1.9,2.59294,-0.650219
1.25,1.75191,-0.650219
0.8,1.08248,-0.650219
0.2,0.221542,-0.650219
0.9,1.23518,-0.650219
0.7,0.929404,-0.650219
0.95,1.311,-0.650219
0.0,0.0,-0.650219
0.1,0.105261,-0.650219
0.65,0.853191,-0.650219
0.55,0.70254,-0.650219
1.6,2.22527,-0.650219
