Inputs,"f(x,y)","f*(x,y)"
1.31394,1.84195,-0.469723
0.602332,0.781005,-0.469722
1.51959,2.12078,-0.469723
0.0900809,0.0943338,-0.469721
1.06158,1.47817,-0.469722
0.774377,1.04324,-0.469722
1.85234,2.5368,-0.469723
1.84191,2.52441,-0.469723
0.265717,0.303864,-0.469721
1.05106,1.46254,-0.469722
0.0928289,0.09735,-0.469721
1.53363,2.13922,-0.469723
