Inputs,"f(x,y)","f*(x,y)"
0.1,0.105261,-0.394316
1.8,2.47418,-0.400479
0.0,0.0,-0.393897
0.3,0.348542,-0.395146
1.3,1.82245,-0.398938
1.1,1.53493,-0.398247
1.95,2.65094,-0.400887
1.5,2.09495,-0.399588
0.85,1.15896,-0.397329
1.25,1.75191,-0.398769
1.05,1.46097,-0.398068
0.6,0.777488,-0.39636
