Inputs,"f(x,y)","f*(x,y)"
1.97805,2.68309,0.115165
0.315562,0.369192,0.115163
0.888363,1.21747,0.115164
0.251852,0.286123,0.115163
0.774172,1.04293,0.115164
1.28876,1.80667,0.115164
0.401915,0.487582,0.115163
0.545738,0.696194,0.115163
0.203202,0.225447,0.115163
0.923372,1.27068,0.115164
1.8669,2.55403,0.115165
1.75649,2.42134,0.115164
