Inputs,"f(x,y)","f*(x,y)"
1.8214,2.49991,0.553284
0.406777,0.494423,0.553286
1.3962,1.95548,0.553284
0.0624656,0.0644866,0.553286
0.814796,1.10513,0.553285
0.152252,0.164634,0.553286
0.0771916,0.0802981,0.553286
1.33236,1.8676,0.553284
0.0651524,0.0673537,0.553286
0.294409,0.341179,0.553286
0.545227,0.695435,0.553285
1.6582,2.2993,0.553284
