Inputs,"f(x,y)","f*(x,y)"
0.911164,1.25215,0.832774
0.178231,0.195286,0.838156
0.0716735,0.0743454,0.838801
1.72753,2.38577,0.82281
0.23281,0.262079,0.837819
1.35574,1.89996,0.827997
0.160672,0.174487,0.838263
0.357524,0.425952,0.837027
0.0905653,0.0948648,0.838688
1.04143,1.44822,0.831522
1.15411,1.61409,0.830344
0.698721,0.92745,0.834585
