Inputs,"f(x,y)","f*(x,y)"
1.03029,1.43161,0.386724
0.0776716,0.0808176,0.386723
1.27138,1.78219,0.386724
0.911539,1.25272,0.386724
1.78691,2.45836,0.386724
1.94041,2.63989,0.386724
0.237403,0.267845,0.386723
0.754317,1.01251,0.386724
0.33892,0.400599,0.386723
1.90275,2.59615,0.386724
0.467176,0.580757,0.386723
0.26885,0.307898,0.386723
