Inputs,"f(x,y)","f*(x,y)"
1.6,2.22527,0.538434
1.2,1.68046,0.539228
1.55,2.1606,0.53854
0.95,1.311,0.539653
1.35,1.89204,0.538945
1.5,2.09495,0.538644
1.4,1.96066,0.538847
0.0,0.0,0.540706
0.35,0.415663,0.54042
0.45,0.555966,0.540318
1.8,2.47418,0.537992
0.3,0.348542,0.540468
