Inputs,"f(x,y)","f*(x,y)"
1.87629,2.56512,-0.270687
0.202659,0.224785,-0.270714
0.759847,1.02098,-0.270705
0.0743607,0.0772401,-0.270716
0.638015,0.834989,-0.270707
0.957118,1.32175,-0.270701
1.76486,2.43156,-0.270688
1.71226,2.36689,-0.270689
1.57204,2.18923,-0.270691
0.476129,0.59375,-0.27071
0.722533,0.963856,-0.270705
0.556412,0.7121,-0.270708
