Inputs,"f(x,y)","f*(x,y)"
1.25825,1.76361,0.319618
1.93955,2.6389,0.319614
0.794532,1.07411,0.319621
0.202106,0.22411,0.319625
0.0234786,0.0237583,0.319626
0.708309,0.942103,0.319621
0.860643,1.17521,0.319621
1.10003,1.53497,0.319619
1.40898,1.97287,0.319617
1.21139,1.69682,0.319618
1.08802,1.51727,0.319619
0.788771,1.06529,0.319621
