Inputs,"f(x,y)","f*(x,y)"
1.86786,2.55517,-0.331365
1.75296,2.41703,-0.331365
1.61336,2.24239,-0.331365
1.64519,2.28287,-0.331365
1.6873,2.33583,-0.331365
0.844647,1.15078,-0.331365
0.117961,0.125326,-0.331365
0.700654,0.930404,-0.331365
1.28599,1.80278,-0.331365
1.83466,2.51576,-0.331365
1.74895,2.41211,-0.331365
1.37196,1.92229,-0.331365
