Inputs,"f(x,y)","f*(x,y)"
0.7,0.929404,0.0937251
0.3,0.348542,0.0829341
0.25,0.283768,0.0815665
1.7,2.35166,0.118009
0.85,1.15896,0.0976598
0.9,1.23518,0.0989532
1.35,1.89204,0.110089
0.5,0.628609,0.0883722
0.05,0.051287,0.0760834
1.6,2.22527,0.115818
0.4,0.484892,0.0856611
1.95,2.65094,0.123223
