Inputs,"f(x,y)","f*(x,y)"
1.14192,1.59634,-0.428787
1.90002,2.59296,-0.421488
0.410109,0.499122,-0.436778
1.75481,2.41929,-0.422788
0.37366,0.448175,-0.437189
0.304958,0.355096,-0.437967
0.928873,1.27902,-0.431041
0.907596,1.24673,-0.43127
0.906366,1.24486,-0.431284
1.32821,1.86184,-0.426881
0.911726,1.253,-0.431226
0.191313,0.211003,-0.439256
