Inputs,"f(x,y)","f*(x,y)"
1.85,2.53402,-0.433564
0.4,0.484892,-0.433535
0.8,1.08248,-0.433544
0.2,0.221542,-0.43353
1.8,2.47418,-0.433564
1.1,1.53493,-0.43355
1.6,2.22527,-0.43356
0.15,0.162013,-0.433529
0.95,1.311,-0.433547
0.55,0.70254,-0.433538
0.0,0.0,-0.433526
0.6,0.777488,-0.433539
