Inputs,"f(x,y)","f*(x,y)"
1.7,2.35166,0.0526741
1.0,1.38629,0.0516479
1.45,2.0283,0.0523158
0.3,0.348542,0.0505927
1.1,1.53493,0.0517981
1.35,1.89204,0.0521695
1.25,1.75191,0.0520218
0.1,0.105261,0.0502976
1.4,1.96066,0.0522428
1.85,2.53402,0.0528832
1.95,2.65094,0.0530199
1.8,2.47418,0.052814
