Inputs,"f(x,y)","f*(x,y)"
0.45,0.555966,-0.00540896
1.45,2.0283,-0.00540948
1.05,1.46097,-0.00540926
1.1,1.53493,-0.00540926
1.0,1.38629,-0.00540923
0.9,1.23518,-0.00540923
1.2,1.68046,-0.0054093
1.65,2.28896,-0.00540957
0.55,0.70254,-0.005409
1.35,1.89204,-0.00540939
1.25,1.75191,-0.00540939
0.3,0.348542,-0.00540887
