Inputs,"f(x,y)","f*(x,y)"
1.12893,1.57737,0.935134
0.640199,0.838304,0.897613
0.754892,1.0134,0.9066
1.93901,2.63827,0.991637
0.440712,0.542636,0.881777
1.93165,2.62976,0.99116
0.792114,1.07041,0.909496
1.26894,1.77875,0.945456
1.11679,1.55959,0.934229
1.69003,2.33924,0.975128
1.61329,2.2423,0.969881
1.18278,1.65564,0.939129
