Inputs,"f(x,y)","f*(x,y)"
0.9,1.23518,1.29241
1.6,2.22527,1.29239
0.75,1.0059,1.29242
0.2,0.221542,1.29244
1.1,1.53493,1.2924
0.15,0.162013,1.29245
1.35,1.89204,1.2924
1.55,2.1606,1.29239
0.7,0.929404,1.29242
0.85,1.15896,1.29241
1.0,1.38629,1.29241
0.1,0.105261,1.29245
