Inputs,"f(x,y)","f*(x,y)"
0.1,0.105261,-0.210605
1.95,2.65094,-0.210678
0.4,0.484892,-0.210622
0.55,0.70254,-0.21063
1.05,1.46097,-0.210654
0.8,1.08248,-0.210643
1.7,2.35166,-0.210674
0.3,0.348542,-0.210616
1.0,1.38629,-0.210652
1.25,1.75191,-0.210662
0.45,0.555966,-0.210625
0.0,0.0,-0.2106
