Inputs,"f(x,y)","f*(x,y)"
1.9,2.59294,-0.087287
1.2,1.68046,-0.0872795
1.35,1.89204,-0.0872813
0.1,0.105261,-0.087267
0.05,0.051287,-0.0872664
0.55,0.70254,-0.0872722
1.1,1.53493,-0.0872784
1.0,1.38629,-0.0872773
0.65,0.853191,-0.0872734
0.7,0.929404,-0.087274
0.4,0.484892,-0.0872704
1.6,2.22527,-0.0872838
