Inputs,"f(x,y)","f*(x,y)"
1.9,2.59294,-0.159207
0.1,0.105261,-0.03613
1.45,2.0283,-0.129188
0.55,0.70254,-0.0673405
1.15,1.60811,-0.10875
1.2,1.68046,-0.112174
0.5,0.628609,-0.0638741
0.2,0.221542,-0.0430651
1.8,2.47418,-0.152619
1.25,1.75191,-0.115591
0.9,1.23518,-0.0915546
0.0,0.0,-0.0291978
