Inputs,"f(x,y)","f*(x,y)"
1.7,2.35166,0.101487
1.0,1.38629,0.000274738
0.25,0.283768,-0.111911
1.15,1.60811,0.0223261
1.5,2.09495,0.0730438
1.45,2.0283,0.0658683
1.8,2.47418,0.115543
0.65,0.853191,-0.0517562
1.2,1.68046,0.0296375
1.65,2.28896,0.0944162
0.4,0.484892,-0.0892922
1.35,1.89204,0.0514443
