Inputs,"f(x,y)","f*(x,y)"
1.05,1.46097,-0.40595
1.7,2.35166,-0.405978
0.05,0.051287,-0.40589
1.15,1.60811,-0.405955
0.3,0.348542,-0.405906
1.6,2.22527,-0.405974
1.35,1.89204,-0.405964
0.5,0.628609,-0.405918
1.0,1.38629,-0.405947
1.5,2.09495,-0.40597
0.15,0.162013,-0.405897
1.9,2.59294,-0.405984
