Inputs,"f(x,y)","f*(x,y)"
1.5,2.09495,0.558906
0.25,0.283768,0.559513
0.1,0.105261,0.559594
0.85,1.15896,0.559203
1.45,2.0283,0.558927
0.15,0.162013,0.559567
0.6,0.777488,0.559328
1.3,1.82245,0.558992
1.75,2.4134,0.558804
1.4,1.96066,0.558948
1.55,2.1606,0.558885
1.6,2.22527,0.558864
