Inputs,"f(x,y)","f*(x,y)"
1.71525,2.37059,0.312142
1.85424,2.53905,0.312007
0.359615,0.42882,0.313744
1.5054,2.10209,0.312357
0.522552,0.661811,0.313532
1.41933,1.98692,0.31245
0.948544,1.3088,0.312994
0.605836,0.78629,0.313424
0.692465,0.917896,0.313313
1.19829,1.678,0.312698
1.15861,1.62063,0.312744
0.881343,1.20678,0.313077
