Inputs,"f(x,y)","f*(x,y)"
1.31897,1.84897,-1.2621
0.509323,0.642304,-1.26211
1.05726,1.47175,-1.26211
1.22092,1.71046,-1.26211
0.335282,0.395675,-1.26211
1.16159,1.62496,-1.26211
1.06224,1.47914,-1.26211
0.943485,1.30115,-1.26211
0.555894,0.711328,-1.26211
0.229514,0.257955,-1.26212
1.29275,1.81228,-1.2621
1.08989,1.52003,-1.26211
