Inputs,"f(x,y)","f*(x,y)"
0.1,0.105261,-0.284816
1.35,1.89204,-0.284816
0.05,0.051287,-0.284816
1.7,2.35166,-0.284815
0.8,1.08248,-0.284816
0.35,0.415663,-0.284816
1.15,1.60811,-0.284816
0.3,0.348542,-0.284816
0.75,1.0059,-0.284816
1.5,2.09495,-0.284815
0.85,1.15896,-0.284816
0.25,0.283768,-0.284816
