Inputs,"f(x,y)","f*(x,y)"
1.62802,2.26108,0.304184
0.993871,1.3771,0.304703
0.630266,0.823239,0.304917
1.82792,2.50771,0.303975
0.618341,0.805184,0.304923
0.124492,0.13271,0.305154
0.897246,1.23099,0.304765
0.602923,0.781896,0.304931
0.0128946,0.0129785,0.305202
1.87561,2.56431,0.303922
1.75522,2.4198,0.304054
1.23696,1.73336,0.304529
