Inputs,"f(x,y)","f*(x,y)"
1.9,2.59294,-0.623298
1.1,1.53493,-0.576199
0.25,0.283768,-0.533922
1.5,2.09495,-0.598722
1.95,2.65094,-0.626512
0.75,1.0059,-0.558034
1.65,2.28896,-0.607696
0.7,0.929404,-0.555539
1.75,2.4134,-0.613841
1.4,1.96066,-0.592901
0.6,0.777488,-0.550616
1.25,1.75191,-0.58441
