Inputs,"f(x,y)","f*(x,y)"
0.6,0.777488,0.252731
0.55,0.70254,0.252455
0.4,0.484892,0.251617
0.75,1.0059,0.253543
1.4,1.96066,0.25671
0.8,1.08248,0.253807
1.55,2.1606,0.257343
0.7,0.929404,0.253275
1.75,2.4134,0.258122
0.9,1.23518,0.254328
1.05,1.46097,0.255084
1.7,2.35166,0.257935
