Inputs,"f(x,y)","f*(x,y)"
[ 4.20970058 -3.760813  ],1.99185,2.11467
[-3.88844538  2.53033352],1.97183,2.04857
[-3.27792358 -2.79276204],1.97524,2.16773
[ 4.72078514 -2.82592678],1.98255,2.21436
[ 1.32483542 -3.16550827],1.74508,1.64986
[-4.71941948  3.39552736],1.99052,2.34476
[ 0.60911     4.72098827],1.11899,0.679743
[-1.91214037  4.07535172],1.92679,1.70006
