Inputs,"f(x,y)","f*(x,y)"
0.309492,0.361111,0.375635
1.27041,1.78082,1.75596
0.317085,0.371225,0.385975
0.70036,0.929955,0.936752
0.240848,0.272182,0.282153
0.306249,0.356806,0.371217
0.0942022,0.0988605,0.0824462
1.99408,2.70134,2.79594
0.79354,1.07259,1.07066
0.585417,0.75554,0.771569
0.464533,0.576931,0.597848
1.91333,2.60849,2.6799
