Inputs,"f(x,y)","f*(x,y)"
1.08498,1.51279,1.51103
0.182516,0.200414,0.175438
0.854965,1.16654,1.17
0.0937823,0.0983983,0.100407
1.57076,2.18758,2.18039
0.973076,1.34582,1.34512
0.524535,0.664743,0.680095
1.62437,2.25643,2.25257
0.906125,1.24449,1.24586
0.730352,0.975821,0.985247
1.8954,2.58755,2.61753
0.225564,0.253028,0.239015
