Inputs,"f(x,y)","f*(x,y)"
1.49407,2.08709,2.0616
1.26646,1.77524,1.74534
1.48473,2.0747,2.04862
1.49834,2.09275,2.06753
0.369035,0.441784,0.463663
1.58907,2.21122,2.19361
0.641766,0.840683,0.854397
1.77273,2.44115,2.44881
0.0742936,0.0771676,0.0773602
0.923008,1.27013,1.25733
0.264053,0.301723,0.315304
0.52286,0.662267,0.684043
