Inputs,"f(x,y)","f*(x,y)"
[ 0.92013061  1.73572779],1.31828,1.40754
[-4.70371532 -1.83482897],1.91688,1.99915
[ 4.9980073   4.97570181],1.99677,2.25839
[-3.12391114 -1.36147261],1.76417,1.54585
[-0.60183483  4.14242649],1.11259,1.74989
[-0.55380821  3.63313222],1.08027,1.67048
[-0.93623042  1.6640631 ],1.31912,1.43248
[ 0.37467152 -1.05831051],0.575758,1.2763
