Inputs,"f(x,y)","f*(x,y)"
[ 4.45622969 -2.45918775],1.97086,1.75762
[-4.23512697  4.46524239],1.99439,2.95525
[ 0.73433179 -1.29489183],0.962911,1.04126
[ 0.31126001 -0.19718206],0.0108084,0.258121
[ 3.2972436  -1.97517788],1.92996,1.61625
[-2.66576767  0.60961562],1.10193,0.890628
[ 2.01083469  1.09747052],1.53431,1.17301
[ 4.61057091  4.69838047],1.99574,2.3055
