Inputs,"f(x,y)","f*(x,y)"
1.5051,2.10169,2.08129
1.94229,2.64206,2.66274
0.833702,1.13405,1.1288
1.20914,1.69358,1.68085
1.89612,2.5884,2.60133
1.47745,2.065,2.04451
0.0943546,0.0990282,0.089295
0.970299,1.34164,1.32969
1.8801,2.5696,2.58003
0.101416,0.106829,0.0939795
1.07208,1.49372,1.47938
0.66237,0.872008,0.876821
