Inputs,"f(x,y)","f*(x,y)"
[-2.69488168 -4.35057306],1.97861,2.24755
[-0.41171908  3.05975533],1.01665,1.25372
[ 2.04960012 -4.99575329],1.94477,1.93301
[ 1.55696738  0.70966786],1.0569,1.08362
[-0.04049876  3.91303182],0.995756,1.07242
[-1.75587893 -4.01576567],1.90098,1.87496
[-4.96021891 -3.04991722],1.98693,2.57922
[-0.90524101 -2.93178105],1.38839,1.41552
