Inputs,"f(x,y)","f*(x,y)"
0.0325194,0.0330588,0.064124
1.28586,1.8026,1.78085
1.77286,2.4413,2.41625
0.212561,0.236926,0.228483
0.0630019,0.0650583,0.0647234
0.144776,0.155952,0.131252
0.66186,0.871231,0.859032
0.877851,1.20146,1.18591
1.06101,1.47731,1.45345
1.41425,1.98003,1.95557
1.82836,2.50824,2.481
0.595747,0.77108,0.756568
