Inputs,"f(x,y)","f*(x,y)"
[-0.68733227  3.55532074],1.17624,1.78211
[ 0.66397488  4.87050438],1.16096,2.39732
[-2.52901578 -1.55247486],1.82927,1.05278
[ 3.35144019 -4.61078691],1.98993,1.9986
[ 2.72767973 -2.7791214 ],1.96577,1.57518
[-0.63974684 -3.00365829],1.13134,1.23598
[ 1.32348919  2.74943352],1.73699,1.43024
[-3.84658194  3.84650207],1.99091,1.86567
