Inputs,"f(x,y)","f*(x,y)"
0.688126,0.911272,0.922482
0.682625,0.902876,0.914056
1.16039,1.62322,1.6413
1.34735,1.88838,1.91107
1.28994,1.80834,1.83173
0.544458,0.694291,0.707138
0.047462,0.0486202,0.0934582
0.957725,1.32267,1.3402
0.168941,0.184239,0.177775
1.95981,2.66222,2.68303
0.76162,1.0237,1.03647
1.31905,1.84907,1.87365
