Inputs,"f(x,y)","f*(x,y)"
1.3,1.82245,1.79078
1.7,2.35166,2.36022
1.75,2.4134,2.43139
1.9,2.59294,2.64493
0.25,0.283768,0.291511
0.4,0.484892,0.506652
0.1,0.105261,0.0868481
1.2,1.68046,1.64843
1.0,1.38629,1.36371
1.65,2.28896,2.28904
1.15,1.60811,1.57725
0.2,0.221542,0.219797
