Inputs,"f(x,y)","f*(x,y)"
[ 4.41538095  0.3596468 ],1.01383,1.0097
[ 2.16989779  4.0578723 ],1.95317,1.98175
[ 3.48881149  0.62961441],1.1291,1.01664
[-1.90832508 -1.82034647],1.84641,1.46882
[-1.8238281   3.76670384],1.91217,1.62131
[ 0.28365749  3.22872353],0.997314,1.22141
[-1.79305768  0.22039905],0.914144,1.15856
[ 0.21017145 -0.55379295],0.087918,1.55634
