Inputs,"f(x,y)","f*(x,y)"
1.15496,1.61533,1.57903
1.25904,1.76474,1.72648
1.46805,2.05247,2.02257
1.43501,2.00812,1.97576
0.599858,0.777274,0.792635
1.48093,2.06964,2.04082
1.58742,2.2091,2.19168
0.72671,0.970248,0.972342
1.41279,1.97805,1.94429
0.373909,0.44852,0.472542
1.85222,2.53665,2.56681
0.54583,0.696333,0.716096
