Inputs,"f(x,y)","f*(x,y)"
1.9,2.59294,2.652
1.15,1.60811,1.57691
1.75,2.4134,2.43698
1.05,1.46097,1.43356
0.7,0.929404,0.931854
0.0,0.0,0.0379481
0.1,0.105261,0.118949
1.8,2.47418,2.50865
0.2,0.221542,0.235778
1.3,1.82245,1.79193
0.4,0.484892,0.501818
1.45,2.0283,2.00695
