Inputs,"f(x,y)","f*(x,y)"
[ 3.          2.20000005],1.94686,1.58912
[ 3.79999995  3.        ],1.98303,1.65478
[-3.4000001   3.79999995],1.9878,1.94371
[-4.19999981  1.39999998],1.79025,1.3183
[ 3.4000001 -5.       ],1.99098,2.01898
[ 4.19999981  1.79999995],1.90982,1.85163
[-0.60000002  2.5999999 ],1.09332,1.05887
[-1.79999995  3.4000001 ],1.9056,1.52825
