Inputs,"f(x,y)","f*(x,y)"
[ 3.82925725 -1.6221    ],1.86916,1.57356
[-3.99602222  3.6228931 ],1.99032,2.23934
[-3.46441555 -4.25660706],1.99007,2.09232
[-0.57535911 -1.47753763],0.925333,0.886648
[ 4.16559362 -4.29208994],1.99375,2.2069
[ 1.33604741  2.48991442],1.73577,1.14336
[-4.51234007 -3.38668084],1.99005,2.54685
[-0.65491104 -0.61630279],0.281459,0.753398
