Inputs,"f(x,y)","f*(x,y)"
1.87812,2.56727,2.57362
1.08232,1.50886,1.51168
1.55757,2.17045,2.18096
0.900043,1.23525,1.24761
1.71358,2.36852,2.37444
1.60813,2.2357,2.24391
0.143851,0.154883,0.157912
1.53986,2.14737,2.15891
0.414316,0.505065,0.487696
0.699483,0.928615,0.936969
0.605035,0.785081,0.788661
0.581083,0.74903,0.751051
