Inputs,"f(x,y)","f*(x,y)"
0.8,1.08248,1.09147
0.95,1.311,1.31507
1.25,1.75191,1.76455
0.45,0.555966,0.564436
1.15,1.60811,1.61442
0.7,0.929404,0.935804
0.3,0.348542,0.341794
0.15,0.162013,0.148084
1.7,2.35166,2.35853
0.35,0.415663,0.417652
1.1,1.53493,1.53852
0.05,0.051287,0.053752
