Inputs,"f(x,y)","f*(x,y)"
[ 0.60000002 -1.39999998],0.908188,1.1834
[ 3.          3.79999995],1.98303,2.26971
[ 3.79999995 -3.        ],1.98303,1.3114
[-0.60000002 -4.19999981],1.11153,1.14837
[ 1.79999995  4.5999999 ],1.9108,2.3658
[ 2.5999999 -2.5999999],1.95717,1.11759
[-2.20000005 -1.79999995],1.87208,1.41491
[ 2.20000005 -5.        ],1.95746,0.619527
