Inputs,"f(x,y)","f*(x,y)"
0.1,0.105261,0.0971293
1.05,1.46097,1.46151
0.55,0.70254,0.707609
1.8,2.47418,2.47433
1.5,2.09495,2.0955
0.7,0.929404,0.930841
1.85,2.53402,2.53539
1.45,2.0283,2.02855
1.4,1.96066,1.9616
1.25,1.75191,1.7541
1.65,2.28896,2.29037
0.05,0.051287,0.0408143
