Inputs,"f(x,y)","f*(x,y)"
1.8,2.47418,2.50781
0.1,0.105261,0.103025
1.7,2.35166,2.36503
1.9,2.59294,2.65059
0.75,1.0059,1.00861
0.4,0.484892,0.508871
1.65,2.28896,2.29364
0.85,1.15896,1.15139
1.5,2.09495,2.07947
1.45,2.0283,2.00808
0.45,0.555966,0.580262
0.9,1.23518,1.22278
