Inputs,"f(x,y)","f*(x,y)"
[-0.2         1.39999998],0.795054,0.867581
[-1.39999998 -1.        ],1.29346,0.721307
[ 1.79999995  3.79999995],1.90825,1.30062
[ 0.60000002 -2.20000005],1.07379,1.35343
[-2.5999999 -3.4000001],1.97116,1.91931
[ 4.5999999  -3.79999995],1.993,1.98078
[-1.         -4.19999981],1.4968,1.8011
[ 1.39999998  2.20000005],1.75252,0.877931
