Inputs,"f(x,y)","f*(x,y)"
1.95,2.65094,2.65587
0.65,0.853191,0.864777
1.5,2.09495,2.10334
1.2,1.68046,1.68623
0.1,0.105261,0.193805
0.05,0.051287,0.193705
0.55,0.70254,0.714449
1.25,1.75191,1.75667
1.35,1.89204,1.89755
0.0,0.0,0.193469
0.3,0.348542,0.34
1.75,2.4134,2.42327
