Inputs,"f(x,y)","f*(x,y)"
[-1.77866828 -3.43749785],1.90205,1.93059
[ 4.29012299  3.81442547],1.99236,2.41418
[-4.179667    3.58835173],1.99074,3.02044
[-3.28157353 -0.51424283],1.05681,2.12357
[-1.38060224  1.04504514],1.32811,1.31026
[ 0.34612569 -1.62533796],0.888816,0.772969
[ 3.32278967 -1.08193064],1.56997,1.31289
[-2.88111591 -2.8943913 ],1.97165,2.25594
