Inputs,"f(x,y)","f*(x,y)"
[ 0.60000002  0.2       ],0.116328,0.752246
[-1.         -1.79999995],1.41303,1.51311
[-5.         -2.20000005],1.95746,2.72732
[-0.2 -5. ],1.0,2.07053
[-1.39999998  1.        ],1.29346,1.49349
[-0.60000002  4.5999999 ],1.1125,1.38856
[ 3.79999995 -3.4000001 ],1.9878,2.03673
[-2.5999999 -4.5999999],1.97636,2.02989
