Inputs,"f(x,y)","f*(x,y)"
[-1.90661967 -1.23572016],1.62951,1.48501
[ 1.24970508  4.2056427 ],1.70604,1.47278
[-0.9898752   0.00883703],0.489825,1.19682
[-4.16986227 -2.9958725 ],1.98444,2.06851
[-4.12050772  4.0463171 ],1.99283,2.18364
[-0.27205336  0.89521772],0.396533,1.07477
[ 3.8978231   3.73044538],1.99055,2.3757
[ 3.98126006 -4.37896013],1.99332,2.03229
