Inputs,"f(x,y)","f*(x,y)"
0.4,0.484892,0.486383
1.3,1.82245,1.84041
0.75,1.0059,1.02205
1.1,1.53493,1.55405
0.45,0.555966,0.561864
1.55,2.1606,2.18287
1.75,2.4134,2.43358
0.5,0.628609,0.638569
1.6,2.22527,2.24706
1.95,2.65094,2.68046
0.25,0.283768,0.306357
1.45,2.0283,2.05349
