Inputs,"f(x,y)","f*(x,y)"
0.708233,0.941987,0.957043
0.90748,1.24655,1.24899
1.73057,2.38953,2.39109
0.215715,0.240815,0.244161
1.7009,2.35277,2.35462
0.54462,0.694532,0.705784
0.896925,1.2305,1.23352
1.82967,2.50981,2.51289
0.726697,0.970228,0.984097
0.272199,0.312223,0.29407
1.30743,1.83285,1.83501
0.5441,0.693758,0.704962
