Inputs,"f(x,y)","f*(x,y)"
0.931742,1.28337,1.28671
1.03792,1.44299,1.44326
0.509576,0.642677,0.66429
1.1045,1.54156,1.54142
1.91395,2.60921,2.62571
1.90485,2.5986,2.61404
0.507169,0.639137,0.660741
1.36946,1.91887,1.9213
0.991467,1.37349,1.37477
0.665177,0.876282,0.8937
0.928714,1.27878,1.28225
0.819641,1.11255,1.12143
