Inputs,"f(x,y)","f*(x,y)"
[ 0.60000002 -3.        ],1.10254,0.482503
[-1.39999998 -3.79999995],1.78868,1.36705
[ 4.5999999   4.19999981],1.99457,2.28737
[ 3.         3.4000001],1.98038,2.01102
[-5.  -0.2],1.0,1.7803
[ 1.          1.39999998],1.29346,0.554375
[-3. -5.],1.98621,1.7276
[ 2.20000005 -3.4000001 ],1.95163,1.62488
