Inputs,"f(x,y)","f*(x,y)"
1.1305,1.57967,1.55605
0.344492,0.40816,0.447175
1.28056,1.79514,1.76775
0.099715,0.104945,0.0961337
1.52807,2.13193,2.11693
0.0980251,0.103076,0.0936533
0.314131,0.367283,0.404343
1.53006,2.13454,2.11973
1.57204,2.18923,2.17894
1.30582,1.8306,1.80338
1.62954,2.26302,2.26007
0.165667,0.18037,0.192933
