Inputs,"f(x,y)","f*(x,y)"
1.32215,1.8534,1.86097
1.99114,2.698,2.68688
0.726569,0.970033,0.977433
0.388896,0.469349,0.268093
1.43025,2.00169,2.01065
1.30418,1.82831,1.83549
1.94771,2.64831,2.64796
0.0802768,0.083641,0.175238
1.75756,2.42266,2.4464
0.733838,0.981157,0.989383
1.28747,1.80486,1.81179
1.93427,2.6328,2.63547
