Inputs,"f(x,y)","f*(x,y)"
1.1876,1.66259,1.65664
0.200097,0.22166,0.220099
1.72936,2.38803,2.37924
0.313983,0.367086,0.368711
1.7018,2.35389,2.34478
0.639927,0.837891,0.843142
1.67809,2.3243,2.31515
0.762781,1.02548,1.02593
1.61665,2.24659,2.23824
1.06704,1.48625,1.47868
0.865896,1.18323,1.17937
1.4803,2.06881,2.06573
