Inputs,"f(x,y)","f*(x,y)"
0.75,1.0059,1.00874
1.35,1.89204,1.8858
1.15,1.60811,1.60379
1.95,2.65094,2.67827
0.4,0.484892,0.489826
1.3,1.82245,1.81976
0.95,1.311,1.30627
0.6,0.777488,0.785596
1.65,2.28896,2.28204
0.35,0.415663,0.419243
0.9,1.23518,1.23189
1.6,2.22527,2.216
