Inputs,"f(x,y)","f*(x,y)"
[ 3.76903462  0.57455766],1.09334,1.49909
[ 4.98435545  3.41149211],1.99105,1.26144
[ 1.70603025  3.38504148],1.88686,0.967875
[-3.48999357  4.56122494],1.991,2.21933
[ 1.89184928  4.55050755],1.92526,1.06863
[ 1.82363594 -3.75398827],1.91207,1.18761
[ 2.10708642  4.18948936],1.94848,1.04691
[-1.20883429 -0.8646217 ],1.03956,1.46965
