Inputs,"f(x,y)","f*(x,y)"
1.45,2.0283,2.03898
0.4,0.484892,0.490066
1.4,1.96066,1.96616
1.25,1.75191,1.74847
1.3,1.82245,1.8208
1.9,2.59294,2.58729
0.2,0.221542,0.218829
1.75,2.4134,2.41542
0.25,0.283768,0.278021
1.55,2.1606,2.18463
1.65,2.28896,2.30084
0.7,0.929404,0.938674
