Inputs,"f(x,y)","f*(x,y)"
[ 0.20360488 -1.17302001],0.656091,1.14429
[ 1.92115653 -3.57339621],1.92552,1.80217
[ 4.36511707 -2.99733353],1.98502,1.87132
[ 2.98682976 -1.56944287],1.84609,1.39431
[ 0.05138103  0.41766423],0.0295388,0.373615
[-3.27281284 -3.9694109 ],1.98735,2.05032
[ 0.31143722  3.59249687],1.00335,1.42696
[ 1.17043412 -1.27650833],1.37879,1.30271
