Inputs,"f(x,y)","f*(x,y)"
[-3.4000001  1.       ],1.49257,1.84179
[-0.60000002 -0.2       ],0.116328,1.62943
[-1.39999998  4.5999999 ],1.79123,1.9787
[ 4.5999999 -5.       ],1.99617,2.46009
[ 1.39999998  2.5999999 ],1.77204,1.76891
[-4.19999981  3.79999995],1.99202,2.23695
[ 3.          0.60000002],1.10254,1.37182
[ 0.2         1.39999998],0.795054,1.68598
