Inputs,"f(x,y)","f*(x,y)"
[-4.37571859  0.09529958],0.997362,1.13536
[-2.4430666  -0.24754685],0.976437,1.2246
[-4.84600163  0.53770494],1.07534,1.12274
[-0.67441589  4.26451635],1.1684,1.92294
[-2.2072289   2.53003168],1.93575,1.8437
[ 0.15466283 -0.68156677],0.178062,1.3129
[ 4.76118088  0.38829854],1.02029,1.87456
[ 1.82451451 -1.87747943],1.84274,1.7495
