Inputs,"f(x,y)","f*(x,y)"
[ 2.5999999   1.39999998],1.77204,1.08594
[-5. -1.],1.4984,1.97187
[ 4.5999999  -4.19999981],1.99457,2.1202
[ 3.  1.],1.4878,1.14632
[-3.4000001 -3.4000001],1.98514,2.28045
[ 1.39999998 -3.79999995],1.78868,1.37918
[-4.19999981 -3.        ],1.9846,2.05717
[ 4.19999981  0.60000002],1.11153,1.65883
