Inputs,"f(x,y)","f*(x,y)"
1.09473,1.52717,1.50532
1.90599,2.59994,2.62204
1.91692,2.61266,2.63702
1.32157,1.85258,1.82079
1.57459,2.19253,2.16769
1.40988,1.9741,1.94187
1.21909,1.70784,1.68029
1.63127,2.26522,2.2454
0.599452,0.776662,0.793914
1.08399,1.51133,1.4899
0.526509,0.667663,0.688628
1.21332,1.69958,1.67239
