Inputs,"f(x,y)","f*(x,y)"
[-3.8208468  -4.78573179],1.99343,2.15591
[ 4.48479939  1.29023874],1.73237,1.85409
[ 1.18422556 -1.53841674],1.51144,1.07569
[-4.77321577 -2.94950294],1.98504,2.12944
[-1.88479877  1.02481318],1.45107,1.23388
[-0.65636325  3.52656794],1.15012,1.53245
[ 1.41166496  4.91058016],1.79713,1.81907
[-1.56022894  3.42478657],1.8484,1.69976
