Inputs,"f(x,y)","f*(x,y)"
[-4.19999981  3.79999995],1.99202,2.34218
[-4.5999999  -1.39999998],1.79123,1.95158
[-3.4000001 -3.       ],1.98038,1.92794
[ 3.         4.5999999],1.98558,2.08538
[-3.79999995 -3.4000001 ],1.9878,2.08101
[ 4.5999999   4.19999981],1.99457,2.2034
[-3.          1.79999995],1.90083,1.79479
[-1.         -2.20000005],1.45906,1.14131
