Inputs,"f(x,y)","f*(x,y)"
1.67575,2.32137,2.32302
0.310829,0.362888,0.379438
0.157055,0.170245,0.170604
1.60762,2.23504,2.226
0.303221,0.352798,0.368605
1.15267,1.61199,1.57818
0.299442,0.347806,0.363224
0.963667,1.33164,1.30905
0.354025,0.421161,0.440946
1.05796,1.47279,1.44332
0.722871,0.964373,0.966166
1.72679,2.38485,2.39569
