Inputs,"f(x,y)","f*(x,y)"
[ 2.65696692 -2.63973665],1.96015,1.75442
[ 3.78031945  1.13901961],1.62243,1.61226
[ 1.90510416  1.17791355],1.58757,1.45515
[-3.1111002  -2.85848212],1.97468,2.31742
[ 0.76998568  2.4619031 ],1.23358,1.1411
[ 1.37820899  3.268749  ],1.7743,1.47124
[ 3.13120723  1.87457097],1.91479,1.8124
[-2.01650929 -2.32106972],1.90966,1.81778
