Inputs,"f(x,y)","f*(x,y)"
1.25764,1.76275,1.77008
1.55767,2.17059,2.18057
1.02001,1.41625,1.42493
1.336,1.87265,1.88004
0.949276,1.3099,1.31897
1.04473,1.45312,1.46196
0.204543,0.227087,0.225094
1.25094,1.75325,1.76068
1.21883,1.70747,1.71562
1.34642,1.88708,1.89466
1.98029,2.68565,2.73705
0.79294,1.07167,1.08482
