Inputs,"f(x,y)","f*(x,y)"
[-4.85157061  1.99558127],1.93888,0.723159
[ 3.64093447  1.69769931],1.8869,1.77315
[-1.58179784  0.89487576],1.25299,0.76624
[-0.63242686  3.24939728],1.12902,1.02364
[ 3.85848165  4.45168591],1.99297,2.98911
[ 4.91454601 -2.37680888],1.96791,2.45505
[-4.2376399  -3.50221395],1.99031,2.39145
[-2.74083805  3.28438139],1.97407,1.21164
