Inputs,"f(x,y)","f*(x,y)"
1.78825,2.45999,2.47041
1.58214,2.20229,2.18503
0.701958,0.932396,0.936649
1.49053,2.0824,2.05819
0.196938,0.217818,0.214805
0.276753,0.318121,0.325636
1.64493,2.28255,2.27198
1.8148,2.49199,2.50716
0.205957,0.228817,0.227052
1.80065,2.47496,2.48757
0.0416599,0.0425495,0.0510408
0.203662,0.226009,0.223935
