Inputs,"f(x,y)","f*(x,y)"
[-1.79999995 -1.        ],1.41303,1.41971
[-2.20000005  2.5999999 ],1.93764,1.31796
[ 3.        -3.4000001],1.98038,1.62554
[-3.          1.79999995],1.90083,1.94605
[ 3.4000001 -0.2      ],0.99417,0.952917
[-4.5999999 -5.       ],1.99617,3.04797
[-0.60000002 -2.5999999 ],1.09332,0.897286
[ 1.          2.20000005],1.45906,1.1223
