Inputs,"f(x,y)","f*(x,y)"
[-0.13204198  0.09477118],0.000384552,0.747601
[-4.00185061 -0.86558884],1.35565,1.34499
[-1.65335715 -2.91168785],1.86825,0.979139
[ 2.17680788 -4.51965094],1.95497,1.64647
[-1.19037855  0.93786532],1.10374,0.798339
[ 1.98651421 -3.54766154],1.93339,1.42423
[-1.56145871 -1.18634045],1.52052,0.668392
[-1.98328876  0.85082048],1.28313,1.03171
