Inputs,"f(x,y)","f*(x,y)"
1.0,1.38629,1.38004
1.15,1.60811,1.60197
1.75,2.4134,2.41085
0.7,0.929404,0.93618
1.85,2.53402,2.53908
0.8,1.08248,1.08413
0.5,0.628609,0.640275
0.9,1.23518,1.23208
0.75,1.0059,1.01016
0.05,0.051287,0.0399676
1.25,1.75191,1.74992
0.95,1.311,1.30606
