Inputs,"f(x,y)","f*(x,y)"
1.0,1.38629,1.38117
0.5,0.628609,0.630871
1.05,1.46097,1.4562
0.3,0.348542,0.352802
1.65,2.28896,2.29025
0.7,0.929404,0.93099
1.95,2.65094,2.65204
0.2,0.221542,0.220929
0.35,0.415663,0.419983
1.3,1.82245,1.82481
0.1,0.105261,0.0681238
0.95,1.311,1.30614
