Inputs,"f(x,y)","f*(x,y)"
[ 2.371176  -3.1254282],1.95897,1.76236
[ 1.60377479  0.70927298],1.07066,1.6493
[ 1.82545602  3.44858217],1.91036,1.68863
[ 2.84554005  0.77012944],1.2452,1.54182
[-0.01026313 -1.34803331],0.76756,0.958279
[ 1.08218277 -2.83619857],1.56311,1.22129
[ 2.04838681  3.85377359],1.94174,1.73779
[-1.10913467  3.39915681],1.59469,2.19057
