Inputs,"f(x,y)","f*(x,y)"
[-2.20000005  2.5999999 ],1.93764,1.61241
[ 0.2        -2.20000005],0.960657,0.841159
[-1.79999995 -4.5999999 ],1.9108,1.9426
[-3.         -4.19999981],1.9846,2.42173
[ 2.20000005 -0.2       ],0.960657,1.00567
[ 4.5999999 -2.5999999],1.97636,2.26329
[-3.79999995  0.2       ],0.996825,1.29648
[ 1.39999998  0.60000002],0.908188,1.07172
