Inputs,"f(x,y)","f*(x,y)"
0.45,0.555966,0.548918
0.0,0.0,0.160565
1.15,1.60811,1.60153
1.55,2.1606,2.14573
1.4,1.96066,1.9444
1.9,2.59294,2.61548
1.25,1.75191,1.74307
0.4,0.484892,0.475794
0.6,0.777488,0.783985
0.05,0.051287,0.160606
0.1,0.105261,0.161366
1.95,2.65094,2.68257
