Inputs,"f(x,y)","f*(x,y)"
[ 0.32816839  1.01574671],0.527084,0.022828
[ 0.25380105 -0.40243763],0.0296915,-0.00119831
[-0.59373301 -4.15729284],1.1072,1.55308
[-0.5345034  -3.18696642],1.06586,1.15519
[-1.82524538  2.71726346],1.89934,1.0109
[ 1.49484766 -4.03897715],1.8294,1.16762
[ 1.54032779  2.36544156],1.8182,0.705211
[-4.56016493  2.72828317],1.97996,2.71482
