Inputs,"f(x,y)","f*(x,y)"
[ 4.19999981 -3.79999995],1.99202,2.6363
[-1.39999998  3.        ],1.78126,1.32695
[ 2.5999999  2.5999999],1.95717,2.22448
[ 4.5999999 -3.       ],1.98558,2.72702
[-2.20000005 -2.20000005],1.91812,1.97846
[-3.4000001  4.5999999],1.99034,1.77236
[-4.19999981 -4.19999981],1.99359,2.52269
[ 3.79999995 -0.2       ],0.996825,2.10967
