Inputs,"f(x,y)","f*(x,y)"
[ 3.09721613  3.18675661],1.97965,1.72976
[-1.92763233 -1.6893785 ],1.82312,1.55898
[ 3.10059094  1.80095768],1.90249,1.33291
[ 1.7916497  -1.13761854],1.53769,1.47934
[ 1.40255702  4.35533333],1.79188,1.8951
[ 4.08681202 -0.80372077],1.29085,1.35049
[-2.74071836  1.08527601],1.5637,1.51906
[ 4.70951748  2.04362464],1.94375,1.19858
