Inputs,"f(x,y)","f*(x,y)"
[ 0.12490717  4.20936775],0.997068,1.10138
[-1.72740281 -0.80061603],1.19024,1.1609
[ 1.06004524  3.62948036],1.55232,1.61414
[ 1.63979244 -2.22035456],1.83898,1.32127
[-3.01743507 -3.33516312],1.98006,2.21145
[-1.54366374 -1.12375093],1.46486,1.24715
[-4.87095165 -3.79542375],1.99343,2.6976
[ 4.5941267  -4.56993341],1.99547,2.13194
