Inputs,"f(x,y)","f*(x,y)"
[-3.73830271 -3.7347858 ],1.98979,1.94953
[-1.95668292  0.32218325],0.946796,1.07017
[-2.03857708  3.0890317 ],1.9344,1.37736
[ 3.8535428  -1.82025075],1.912,1.50535
[-2.92188048 -3.36991119],1.97877,1.7941
[-2.36209488 -4.7244978 ],1.96687,2.00161
[-4.69769669 -3.51200628],1.99142,2.03545
[ 3.86306953  4.42908525],1.99294,2.28852
