Inputs,"f(x,y)","f*(x,y)"
[-4.19999981  4.5999999 ],1.99457,2.58299
[-5. -5.],1.99681,2.34617
[ 1.39999998 -1.79999995],1.70648,1.57558
[-1.79999995 -0.60000002],1.02776,1.46742
[-3.4000001  1.       ],1.49257,0.97391
[-0.60000002 -3.        ],1.10254,1.30436
[-2.5999999  3.4000001],1.97116,2.10987
[-3.79999995 -3.79999995],1.99045,2.12169
