Inputs,"f(x,y)","f*(x,y)"
0.25,0.283768,0.303617
1.85,2.53402,2.56981
0.55,0.70254,0.728528
0.35,0.415663,0.445254
0.0,0.0,-0.0173118
1.05,1.46097,1.43671
0.95,1.311,1.29508
1.45,2.0283,2.00326
1.7,2.35166,2.35736
1.65,2.28896,2.28654
1.5,2.09495,2.07408
1.75,2.4134,2.42817
