Inputs,"f(x,y)","f*(x,y)"
[-0.6081627   1.82712972],1.038,0.993673
[ 1.80527294  0.89707482],1.30701,0.991203
[-0.14067933 -2.60113072],0.979014,1.48902
[-3.6276629  -3.16878939],1.98444,2.56079
[ 2.20900822 -0.41856501],0.989476,0.9085
[-3.24770737  4.01311588],1.98725,2.37706
[ 3.96993852 -3.14575648],1.98588,1.77764
[ 1.15776157 -4.35648251],1.63967,2.20127
