Inputs,"f(x,y)","f*(x,y)"
[-4.59807634  2.90158892],1.98386,2.10216
[ 0.71117079 -1.33441436],0.963928,0.894404
[ 1.93316865 -0.34583575],0.947286,0.865058
[ 3.90593839 -1.34128165],1.75968,1.5915
[-2.20392132  4.90223265],1.95761,1.94612
[-4.27760696  4.18696117],1.99378,2.11614
[-1.15233648 -3.53897643],1.63177,1.32706
[ 2.72856212  3.38495731],1.97472,2.74405
