Inputs,"f(x,y)","f*(x,y)"
[ 0.08149973 -2.4734292 ],0.974021,1.39382
[ 0.02556451  1.65622485],0.882691,1.82673
[ 1.24972093  1.40897584],1.50685,1.59359
[-4.71888876  4.08917093],1.99442,1.9784
[ 1.9636724  -2.78919911],1.92073,1.56336
[ 2.95060229 -3.47797418],1.98019,1.94063
[ 0.43446773  0.22922933],0.0371588,1.26679
[ 4.14423227  0.72778952],1.21571,1.41414
