Inputs,"f(x,y)","f*(x,y)"
[ 1.39999998 -2.20000005],1.75252,1.29961
[-2.20000005 -4.5999999 ],1.95683,1.95826
[ 0.2        -0.60000002],0.116328,0.245219
[-1.79999995 -0.2       ],0.914623,0.990422
[-4.5999999  -4.19999981],1.99457,2.0777
[ 2.5999999  -1.39999998],1.77204,1.34394
[ 4.19999981 -3.79999995],1.99202,1.81925
[ 3.4000001  3.4000001],1.98514,1.84903
