Inputs,"f(x,y)","f*(x,y)"
[ 1.95245004  4.8690033 ],1.93384,2.37133
[-0.76823479 -0.36780939],0.276308,0.505151
[-1.81024194 -0.27572319],0.920557,0.644566
[-3.39058852 -0.66453427],1.15568,0.86353
[ 4.17926836 -2.50781894],1.97207,1.71099
[ 4.79834509 -1.62025011],1.8714,1.76428
[ 3.87191534 -1.0163976 ],1.51183,1.42227
[-1.43552852 -4.83742285],1.80758,1.57035
