Inputs,"f(x,y)","f*(x,y)"
[-3.97840548  4.9601841 ],1.99437,1.17141
[ 3.56018281  2.84177685],1.97871,1.54069
[-2.16652441  2.17122746],1.91352,0.579878
[-0.47704098  1.47791278],0.875952,0.59333
[ 4.72399569 -0.12038738],0.998206,1.29647
[-0.04358654  2.66634798],0.980603,0.643703
[-0.89186555 -0.43831593],0.423114,0.896616
[-2.40559363 -1.73979127],1.8726,1.46137
