Inputs,"f(x,y)","f*(x,y)"
1.3,1.82245,1.78837
0.7,0.929404,0.93918
1.35,1.89204,1.85914
1.6,2.22527,2.21296
0.45,0.555966,0.58535
1.55,2.1606,2.1422
0.65,0.853191,0.868414
0.9,1.23518,1.22224
1.8,2.47418,2.49603
0.3,0.348542,0.373053
0.85,1.15896,1.15148
0.75,1.0059,1.00995
