Inputs,"f(x,y)","f*(x,y)"
1.07546,1.49872,1.50409
1.89276,2.58446,2.60532
0.0354944,0.036138,0.0662733
0.0662185,0.0684936,0.0750638
0.694466,0.920952,0.929284
1.69679,2.34767,2.34893
0.572105,0.735565,0.744675
1.18835,1.66367,1.67036
1.39228,1.95013,1.95029
0.657086,0.863967,0.872888
1.24093,1.73901,1.74463
0.516497,0.652873,0.660779
