Inputs,"f(x,y)","f*(x,y)"
[-0.75614011  0.19173442],0.247711,0.302745
[ 3.74954581 -1.54474199],1.84558,1.53404
[ 3.39737964 -3.25498462],1.98372,2.00492
[ 2.51165843 -1.93183291],1.9085,1.44178
[-1.76782739 -1.65934062],1.79059,1.51488
[ 1.72283626 -4.83241224],1.89623,2.02083
[-2.54094172  4.52079105],1.97418,1.47418
[-3.70374632  2.01707649],1.93775,1.76882
