Inputs,"f(x,y)","f*(x,y)"
0.488319,0.611512,0.617471
1.58396,2.20463,2.20155
1.34373,1.88336,1.88283
1.08545,1.51348,1.50762
0.186297,0.204955,0.191137
1.21021,1.69512,1.694
0.619935,0.807595,0.812337
1.77484,2.44371,2.43956
1.20528,1.68804,1.68663
1.60964,2.23763,2.23358
1.90523,2.59905,2.60215
0.32731,0.384927,0.383586
