Inputs,"f(x,y)","f*(x,y)"
1.25,1.75191,1.75116
1.95,2.65094,2.68766
1.9,2.59294,2.62094
1.6,2.22527,2.22061
1.7,2.35166,2.35405
0.3,0.348542,0.342232
0.5,0.628609,0.630753
0.85,1.15896,1.15748
1.3,1.82245,1.81908
0.35,0.415663,0.412632
0.25,0.283768,0.271935
1.8,2.47418,2.4875
