Inputs,"f(x,y)","f*(x,y)"
[-2.73594594  3.77018237],1.97754,2.25587
[-0.75086826  1.17813158],0.8995,0.266712
[ 3.44948101 -2.87370324],1.97854,1.14887
[-2.17263341 -0.29155907],0.964222,1.45772
[ 1.97921884 -3.07938957],1.92782,1.71554
[-2.58283401 -2.48497081],1.95247,1.94957
[-4.027349    4.80394745],1.99434,3.15262
[-2.78219557 -1.48032808],1.81123,1.78308
