Inputs,"f(x,y)","f*(x,y)"
[-4.59502029 -3.37825632],1.99014,1.96436
[ 3.94698262  1.67620826],1.88346,2.08909
[ 3.61273456 -2.41859603],1.96577,1.50913
[ 2.09481335  0.69032133],1.1357,0.944441
[-0.11300365  0.34073237],0.0134626,0.069375
[-0.09261201 -4.79708958],0.998189,1.83576
[ 4.37502098 -2.28216887],1.96172,1.73819
[-1.05774593  1.55908287],1.41116,0.0985981
