Inputs,"f(x,y)","f*(x,y)"
1.4,1.96066,1.94478
0.6,0.777488,0.775067
1.5,2.09495,2.08302
1.25,1.75191,1.73786
1.75,2.4134,2.4121
0.0,0.0,0.133471
0.4,0.484892,0.47456
1.65,2.28896,2.29037
0.95,1.311,1.29861
0.05,0.051287,0.13349
1.6,2.22527,2.22126
0.25,0.283768,0.271483
