Inputs,"f(x,y)","f*(x,y)"
1.02732,1.42718,1.4178
0.936373,1.29038,1.28202
1.60272,2.22876,2.20348
1.54308,2.15157,2.12733
1.03814,1.44332,1.43396
0.163739,0.178096,0.175585
1.78473,2.45572,2.43588
1.92589,2.62308,2.61612
0.170036,0.185537,0.182871
1.01947,1.41545,1.40608
0.914663,1.25746,1.2496
0.583244,0.752275,0.754785
