Inputs,"f(x,y)","f*(x,y)"
[-1.79999995 -3.4000001 ],1.9056,1.56803
[-0.60000002  1.79999995],1.02776,0.869262
[-4.5999999  3.       ],1.98558,2.03577
[ 3. -1.],1.4878,1.36173
[ 2.20000005 -1.39999998],1.75252,1.53873
[ 3.79999995 -2.5999999 ],1.97381,2.29436
[ 0.60000002 -4.5999999 ],1.1125,2.23586
[-2.5999999  3.4000001],1.97116,1.55782
