Inputs,"f(x,y)","f*(x,y)"
[-1.79999995  2.5999999 ],1.89161,0.961996
[ 1.79999995  1.39999998],1.70648,1.15889
[-2.20000005 -3.        ],1.94686,1.50622
[-2.5999999 -4.5999999],1.97636,1.73276
[-4.19999981 -3.4000001 ],1.98937,1.93397
[-3.4000001   0.60000002],1.1073,1.29127
[-3.         4.5999999],1.98558,1.18609
[ 3.          1.79999995],1.90083,1.27547
