Inputs,"f(x,y)","f*(x,y)"
0.485532,0.607444,0.632506
0.68195,0.901848,0.91258
1.23512,1.73074,1.70134
1.86258,2.54894,2.59605
1.24398,1.74336,1.71399
0.610309,0.793043,0.810426
0.703581,0.934876,0.943423
1.70105,2.35297,2.36572
0.0611288,0.063063,0.183688
1.8277,2.50745,2.5463
0.835784,1.13724,1.13193
0.751541,1.00826,1.01181
