Inputs,"f(x,y)","f*(x,y)"
[-2.43825221  0.9336226 ],1.40423,1.17481
[-3.46255279 -0.31368935],1.00268,0.943358
[-1.57155216  4.4823513 ],1.85668,1.90401
[ 2.98438382 -4.79113483],1.98566,1.99623
[-3.14319396 -3.29816008],1.98148,1.87044
[-4.74944115  4.48327398],1.99557,2.73997
[ 0.17707278 -3.8517549 ],0.996459,1.36178
[-0.51681036 -1.944116  ],1.00117,1.3567
