Inputs,"f(x,y)","f*(x,y)"
1.0,1.38629,1.38577
1.8,2.47418,2.4928
1.2,1.68046,1.67649
0.2,0.221542,0.209273
1.85,2.53402,2.5603
0.3,0.348542,0.338581
0.4,0.484892,0.485586
0.0,0.0,0.125816
0.1,0.105261,0.129404
1.05,1.46097,1.46039
1.75,2.4134,2.4253
0.35,0.415663,0.410385
