Inputs,"f(x,y)","f*(x,y)"
[-0.00776737 -3.48919654],0.993298,0.65977
[-1.67736506  0.12937327],0.888123,1.02791
[-0.1462605   2.27466154],0.964449,0.90698
[ 0.33917227  4.46355391],1.01055,1.02552
[ 2.59895682  3.7180779 ],1.97335,1.78692
[ 4.68884659 -1.02157593],1.51927,1.60794
[ 4.26973295 -0.08094527],0.997043,1.58347
[ 3.85502577 -0.01667405],0.995493,1.53089
