Inputs,"f(x,y)","f*(x,y)"
0.75,1.0059,1.02248
1.25,1.75191,1.754
1.55,2.1606,2.16268
1.7,2.35166,2.35208
0.95,1.311,1.31509
0.85,1.15896,1.16879
1.65,2.28896,2.28955
0.5,0.628609,0.639789
1.2,1.68046,1.68085
0.65,0.853191,0.872758
1.75,2.4134,2.41461
1.9,2.59294,2.6022
