Inputs,"f(x,y)","f*(x,y)"
[-0.60000002 -4.19999981],1.11153,0.882454
[-3.4000001  2.5999999],1.97116,1.63176
[-2.20000005 -1.79999995],1.87208,1.22156
[ 4.5999999   0.60000002],1.1125,2.22677
[-2.5999999   1.79999995],1.89161,1.43092
[-3.         -0.60000002],1.10254,1.44345
[ 1.39999998 -3.        ],1.78126,1.57289
[ 3.79999995  0.2       ],0.996825,1.92935
