Inputs,"f(x,y)","f*(x,y)"
1.0,1.38629,1.3971
0.9,1.23518,1.24647
0.8,1.08248,1.09596
1.25,1.75191,1.77131
1.9,2.59294,2.60951
1.4,1.96066,1.98183
0.05,0.051287,0.0613957
0.45,0.555966,0.567767
0.5,0.628609,0.639351
1.3,1.82245,1.84148
0.3,0.348542,0.359774
1.75,2.4134,2.43236
