Inputs,"f(x,y)","f*(x,y)"
1.75,2.4134,2.41029
1.85,2.53402,2.53902
1.35,1.89204,1.89534
0.9,1.23518,1.23186
1.6,2.22527,2.21718
0.95,1.311,1.30669
1.3,1.82245,1.83052
0.55,0.70254,0.708026
0.45,0.555966,0.55836
0.0,0.0,0.0354355
0.4,0.484892,0.487432
0.25,0.283768,0.281559
