Inputs,"f(x,y)","f*(x,y)"
[ 4.19999981  3.        ],1.9846,2.13815
[ 1.39999998 -0.2       ],0.795054,1.06384
[ 4.5999999  -1.39999998],1.79123,1.83455
[-2.5999999  -2.20000005],1.93764,1.67947
[-2.20000005  1.39999998],1.75252,1.10449
[ 0.2 -3. ],0.989402,1.1416
[ 1.79999995 -3.4000001 ],1.9056,1.61397
[-4.19999981 -3.79999995],1.99202,2.21145
