Inputs,"f(x,y)","f*(x,y)"
0.776072,1.04584,1.06335
1.62131,2.25253,2.26149
0.248374,0.281703,0.26371
1.44576,2.0226,2.02795
0.174793,0.191187,0.15968
1.16456,1.62927,1.62763
0.620008,0.807705,0.819408
1.72176,2.37864,2.36911
1.09665,1.53,1.52899
0.994075,1.3774,1.38
0.850556,1.15981,1.17154
1.32777,1.86122,1.86469
