Inputs,"f(x,y)","f*(x,y)"
1.33456,1.87065,1.85482
1.07501,1.49805,1.48631
0.312692,0.365367,0.363285
1.8127,2.48947,2.47459
1.92954,2.62732,2.60905
1.09885,1.53324,1.52017
1.26254,1.76969,1.75257
0.801759,1.08518,1.07888
0.944675,1.30295,1.29308
1.09624,1.52939,1.51646
0.0259034,0.0262444,0.083919
0.847437,1.15505,1.14734
