Inputs,"f(x,y)","f*(x,y)"
[ 0.40717602 -2.20962214],0.986491,1.07033
[ 3.11415887 -0.80519319],1.28542,1.2883
[ 4.30856323  0.88595778],1.37833,1.64708
[ 4.70112371 -1.87227452],1.9227,1.645
[-1.08260024  3.69662118],1.57338,1.73037
[ 2.34529662  1.69688272],1.86037,1.72245
[-4.97582817  3.55791306],1.99217,1.99638
[ 4.56208992  2.98926544],1.98533,2.31428
