Inputs,"f(x,y)","f*(x,y)"
[-0.2         0.60000002],0.116328,0.913038
[ 0.60000002 -1.79999995],1.02776,1.42623
[ 0.2         2.20000005],0.960657,1.35783
[ 2.5999999  1.       ],1.47859,1.14323
[-1. -5.],1.4984,2.25297
[ 4.5999999 -3.       ],1.98558,1.71457
[-3.        -3.4000001],1.98038,1.63781
[ 2.20000005  1.79999995],1.87208,1.34238
