Inputs,"f(x,y)","f*(x,y)"
[-2.4137063  -0.15562418],0.971967,1.26829
[ 4.16859627  4.69751263],1.99465,1.95771
[-1.25700891 -1.57427132],1.574,1.27316
[-4.60188675 -1.92233729],1.92954,1.91885
[ 2.78835964  2.29731131],1.94907,1.55905
[ 3.22296333 -3.83196449],1.9862,1.94331
[-2.72333288 -0.51696378],1.04881,1.32342
[ 4.59189653 -3.58474255],1.99174,1.9855
