Inputs,"f(x,y)","f*(x,y)"
1.95,2.65094,2.64143
0.3,0.348542,0.338868
1.15,1.60811,1.59104
0.8,1.08248,1.07568
0.4,0.484892,0.471426
0.0,0.0,0.0803937
1.25,1.75191,1.73433
1.55,2.1606,2.14237
0.1,0.105261,0.0947752
1.7,2.35166,2.33155
1.4,1.96066,1.94683
0.45,0.555966,0.546231
