Inputs,"f(x,y)","f*(x,y)"
[-0.60000002 -1.        ],0.614731,0.869112
[ 2.5999999  1.       ],1.47859,1.30474
[-1.         3.4000001],1.49257,1.41972
[ 3.4000001   1.39999998],1.78603,1.581
[ 3.        -3.4000001],1.98038,1.96018
[-0.2         2.20000005],0.960657,1.04861
[-5.         -1.39999998],1.79186,1.38701
[-3.4000001  0.2      ],0.99417,1.08615
