Inputs,"f(x,y)","f*(x,y)"
0.780854,1.05316,1.06033
0.983677,1.36178,1.36343
0.551301,0.704479,0.713052
1.58323,2.20369,2.20685
1.26513,1.77335,1.77864
1.25058,1.75274,1.75785
1.07842,1.50309,1.50504
0.972796,1.3454,1.34717
1.9687,2.67241,2.69371
1.23764,1.73434,1.73903
0.0300285,0.0304878,0.0779602
1.83236,2.51302,2.52151
