Inputs,"f(x,y)","f*(x,y)"
[-3.12156272 -0.79309577],1.27306,0.591449
[-1.12034357  0.65578902],0.767802,0.685905
[-2.40496039  2.3171196 ],1.93745,1.47121
[ 0.68493205  1.47527373],1.00607,0.932799
[ 0.93890023 -4.24568748],1.43422,1.43482
[-1.64419663  1.05967987],1.43735,0.986418
[ 1.37762499 -3.31272626],1.77446,1.77542
[-2.23919201  0.66539007],1.12564,1.42791
