Inputs,"f(x,y)","f*(x,y)"
1.05,1.46097,1.46232
0.65,0.853191,0.863063
0.4,0.484892,0.490457
1.85,2.53402,2.54825
1.25,1.75191,1.7577
1.15,1.60811,1.61214
1.6,2.22527,2.22319
0.8,1.08248,1.08779
1.4,1.96066,1.96315
0.6,0.777488,0.788156
1.3,1.82245,1.8286
0.7,0.929404,0.937971
