Inputs,"f(x,y)","f*(x,y)"
[-0.60000002 -1.        ],0.614731,1.57926
[ 3.         -0.60000002],1.10254,1.36345
[ 0.60000002 -0.2       ],0.116328,1.11809
[-1.79999995  4.5999999 ],1.9108,1.48044
[ 4.19999981 -4.19999981],1.99359,1.98355
[-2.5999999   0.60000002],1.09332,1.52799
[-4.5999999  -1.39999998],1.79123,1.64561
[ 1.          1.39999998],1.29346,1.68018
