Inputs,"f(x,y)","f*(x,y)"
1.09189,1.52298,1.51257
0.889149,1.21867,1.23243
1.63764,2.2733,2.26722
0.812017,1.10088,1.12609
1.23537,1.7311,1.71012
0.0977237,0.102743,0.0738514
0.25429,0.289228,0.275884
1.23356,1.72851,1.70763
0.293528,0.34002,0.333023
0.655506,0.861563,0.909734
0.115527,0.122585,0.0860667
1.6627,2.30498,2.30114
