Inputs,"f(x,y)","f*(x,y)"
1.7,2.35166,2.34503
0.5,0.628609,0.643626
1.45,2.0283,1.99821
0.55,0.70254,0.723105
0.0,0.0,0.0470026
0.65,0.853191,0.882064
1.05,1.46097,1.44331
1.5,2.09495,2.06758
1.0,1.38629,1.37395
1.25,1.75191,1.72076
1.2,1.68046,1.6514
1.65,2.28896,2.27567
