Inputs,"f(x,y)","f*(x,y)"
0.5,0.628609,0.619872
0.1,0.105261,0.0846343
1.35,1.89204,1.89914
1.75,2.4134,2.42599
0.8,1.08248,1.11117
1.65,2.28896,2.30429
0.05,0.051287,0.0663158
0.75,1.0059,1.03499
1.45,2.0283,2.0354
0.55,0.70254,0.700431
1.2,1.68046,1.68634
0.85,1.15896,1.18109
