Inputs,"f(x,y)","f*(x,y)"
[ 1.39999998 -2.20000005],1.75252,1.04511
[ 2.5999999  -4.19999981],1.97538,1.13578
[-1.          0.60000002],0.614731,0.574909
[-1.39999998 -1.        ],1.29346,1.2839
[-2.5999999  1.       ],1.47859,1.18922
[-3.         -3.79999995],1.98303,1.70682
[ 3.79999995  4.19999981],1.99202,2.32802
[ 3.4000001   1.39999998],1.78603,1.25159
