Inputs,"f(x,y)","f*(x,y)"
0.7,0.929404,0.940691
1.6,2.22527,2.21278
1.55,2.1606,2.14211
1.05,1.46097,1.43539
0.35,0.415663,0.44599
0.75,1.0059,1.01136
0.8,1.08248,1.08203
0.25,0.283768,0.304917
0.05,0.051287,0.0400068
0.4,0.484892,0.516662
1.2,1.68046,1.64741
0.5,0.628609,0.658005
