Inputs,"f(x,y)","f*(x,y)"
1.77428,2.44303,2.44172
1.608,2.23553,2.23483
0.418601,0.511132,0.497915
1.1259,1.57294,1.56723
0.906171,1.24456,1.23987
1.28407,1.80008,1.80288
1.74038,2.4016,2.40012
1.93625,2.63508,2.63573
1.5904,2.21293,2.21239
0.908133,1.24754,1.24279
1.11134,1.5516,1.54554
1.81897,2.49699,2.49534
