Inputs,"f(x,y)","f*(x,y)"
1.99488,2.70224,2.71267
0.509853,0.643085,0.647912
1.16438,1.629,1.62075
1.33164,1.8666,1.86646
0.758396,1.01876,1.01733
1.76291,2.42918,2.42374
1.15677,1.61795,1.60944
0.292938,0.339245,0.325505
1.52287,2.1251,2.12477
0.764237,1.02771,1.02601
1.96248,2.66527,2.67231
0.148278,0.160011,0.153414
