Inputs,"f(x,y)","f*(x,y)"
0.66594,0.877443,0.890056
0.345248,0.409188,0.4143
1.28376,1.79965,1.80892
0.657777,0.865017,0.877646
1.65354,2.29343,2.30533
1.46904,2.05379,2.07214
0.981233,1.3581,1.36418
1.60338,2.22961,2.24193
0.893879,1.22587,1.23309
0.9966,1.38119,1.38724
0.418672,0.511233,0.519553
1.95916,2.66147,2.67236
