Inputs,"f(x,y)","f*(x,y)"
[-2.5999999   0.60000002],1.09332,1.10775
[-4.19999981  3.79999995],1.99202,2.36465
[-0.2       -4.5999999],0.999369,1.70307
[ 1.79999995 -1.79999995],1.82605,1.30415
[ 2.20000005  4.19999981],1.95586,2.39471
[-2.20000005  4.5999999 ],1.95683,2.53593
[ 3.         3.4000001],1.98038,2.10868
[-1. -1.],1.0,1.23266
