Inputs,"f(x,y)","f*(x,y)"
[ 3.79999995  3.79999995],1.99045,2.52782
[ 2.5999999  -0.60000002],1.09332,0.72601
[-2.20000005  4.5999999 ],1.95683,2.30095
[-0.2        -2.20000005],0.960657,0.751356
[-3.         -1.79999995],1.90083,1.73736
[-1. -3.],1.4878,1.48342
[ 4.5999999 -1.       ],1.49777,1.1207
[-1.39999998 -2.5999999 ],1.77204,1.62998
