Inputs,"f(x,y)","f*(x,y)"
1.1,1.53493,1.52233
0.8,1.08248,1.08223
0.75,1.0059,1.00888
1.2,1.68046,1.66486
0.15,0.162013,0.159672
0.05,0.051287,0.0479583
0.6,0.777488,0.788835
1.85,2.53402,2.55765
0.95,1.311,1.30228
1.45,2.0283,2.00824
0.0,0.0,0.0203815
1.65,2.28896,2.28295
