Inputs,"f(x,y)","f*(x,y)"
0.45,0.555966,0.580478
0.95,1.311,1.3095
1.8,2.47418,2.48921
0.5,0.628609,0.654903
1.95,2.65094,2.69045
1.75,2.4134,2.42194
0.75,1.0059,1.02056
1.9,2.59294,2.62373
1.55,2.1606,2.15289
0.6,0.777488,0.803754
1.65,2.28896,2.28742
1.5,2.09495,2.08563
