Inputs,"f(x,y)","f*(x,y)"
0.45,0.555966,0.589701
1.0,1.38629,1.36625
1.5,2.09495,2.07221
1.2,1.68046,1.64863
0.6,0.777488,0.801487
0.3,0.348542,0.377914
0.0,0.0,-0.011796
0.2,0.221542,0.236723
0.85,1.15896,1.15446
1.85,2.53402,2.56637
0.4,0.484892,0.519105
1.25,1.75191,1.71923
