Inputs,"f(x,y)","f*(x,y)"
1.6,2.22527,2.22359
1.5,2.09495,2.09883
1.45,2.0283,2.03329
1.0,1.38629,1.38185
1.15,1.60811,1.60465
0.5,0.628609,0.639179
0.35,0.415663,0.416376
0.05,0.051287,0.0593252
1.65,2.28896,2.28597
0.4,0.484892,0.490644
1.95,2.65094,2.66026
0.65,0.853191,0.861981
