Inputs,"f(x,y)","f*(x,y)"
1.55,2.1606,2.13531
1.75,2.4134,2.40446
0.8,1.08248,1.0772
0.9,1.23518,1.2244
0.15,0.162013,0.153017
1.0,1.38629,1.3716
1.15,1.60811,1.59129
1.5,2.09495,2.06802
1.2,1.68046,1.66179
0.6,0.777488,0.782802
0.35,0.415663,0.417439
1.7,2.35166,2.33717
