Inputs,"f(x,y)","f*(x,y)"
1.90703,2.60115,2.60001
1.08965,1.51968,1.51651
1.50401,2.10025,2.10694
0.446763,0.551315,0.559475
1.59765,2.22225,2.22676
1.62636,2.25897,2.26186
1.50789,2.10537,2.11242
1.79557,2.46883,2.46872
0.969327,1.34017,1.33739
0.402744,0.488747,0.493945
0.822954,1.11762,1.11949
0.635812,0.831648,0.840903
