Inputs,"f(x,y)","f*(x,y)"
1.90955,2.60409,2.58838
1.84276,2.52541,2.51119
1.95285,2.65423,2.63831
0.448348,0.553592,0.548227
0.156413,0.169494,0.163741
1.83586,2.51719,2.50312
0.49438,0.620373,0.618143
1.23979,1.73739,1.72925
0.718017,0.956948,0.95782
1.16693,1.6327,1.62529
1.60791,2.23541,2.22686
1.32112,1.85197,1.84137
