Inputs,"f(x,y)","f*(x,y)"
1.85,2.53402,2.52638
1.7,2.35166,2.3431
0.0,0.0,0.0703325
0.45,0.555966,0.537431
0.3,0.348542,0.359935
1.45,2.0283,2.02522
0.2,0.221542,0.174884
1.25,1.75191,1.74281
1.95,2.65094,2.63611
0.6,0.777488,0.767603
0.8,1.08248,1.08634
0.75,1.0059,1.00601
