Inputs,"f(x,y)","f*(x,y)"
[-4.5999999  2.5999999],1.97636,2.23179
[ 3.79999995 -3.4000001 ],1.9878,2.19728
[-3.4000001  0.2      ],0.99417,1.55262
[ 4.19999981  2.20000005],1.95586,1.38594
[ 0.2        -1.79999995],0.914623,0.857701
[-5.         4.5999999],1.99617,2.60083
[-1.79999995  1.79999995],1.82605,1.23694
[-3.         -4.19999981],1.9846,2.54476
