Inputs,"f(x,y)","f*(x,y)"
0.0708878,0.0735005,0.0728046
0.600528,0.778285,0.788167
1.91966,2.61586,2.66518
0.0863542,0.0902567,0.0898557
0.70872,0.942731,0.9476
0.123409,0.131482,0.129717
0.613562,0.797958,0.807373
1.91953,2.6157,2.66499
0.77682,1.04698,1.04795
0.219446,0.245429,0.244913
1.02371,1.42179,1.41178
1.18441,1.65799,1.64371
