Inputs,"f(x,y)","f*(x,y)"
[-1.39999998 -2.5999999 ],1.77204,1.46558
[-1.79999995 -1.        ],1.41303,0.867671
[ 2.20000005 -5.        ],1.95746,2.13974
[ 2.5999999   0.60000002],1.09332,1.13831
[ 0.60000002  1.        ],0.614731,0.752494
[ 3.        -3.4000001],1.98038,1.85571
[-0.60000002  1.79999995],1.02776,1.2815
[-3.   0.2],0.989402,1.06902
