Inputs,"f(x,y)","f*(x,y)"
[ 2.59632897 -1.76443148],1.88494,1.98098
[ 4.05352068 -3.19169068],1.98677,2.02747
[-4.10300303  4.37900162],1.99377,1.06011
[-0.7407279  -4.03265858],1.22762,1.8769
[ 0.7805562   0.64656985],0.419484,1.09979
[-0.88033283 -1.44778788],1.18983,1.40474
[ 0.91792399  4.54888725],1.41286,1.38139
[-4.45730066  1.68853271],1.88793,1.00942
