Inputs,"f(x,y)","f*(x,y)"
1.26582,1.77433,1.74136
0.141198,0.151819,0.156172
0.169264,0.184622,0.19747
0.590984,0.763911,0.80036
1.53829,2.14532,2.1213
1.81784,2.49565,2.51111
0.279071,0.32113,0.357489
1.92162,2.61813,2.65581
1.48043,2.06898,2.04062
0.370649,0.444012,0.489583
0.0259844,0.0263275,0.00436746
0.0228875,0.0231532,0.00436746
