Inputs,"f(x,y)","f*(x,y)"
1.67443,2.31972,2.31275
0.329298,0.387602,0.385545
1.82823,2.50809,2.50685
1.58186,2.20193,2.19593
0.0401627,0.0409889,0.0554367
1.72202,2.37897,2.3728
1.85005,2.53408,2.53438
0.700117,0.929583,0.941087
1.97755,2.68252,2.69529
0.305235,0.355463,0.351009
0.911948,1.25334,1.26244
0.849789,1.15864,1.17189
