Inputs,"f(x,y)","f*(x,y)"
[-1.39999998 -3.79999995],1.78868,1.85131
[ 1.39999998 -5.        ],1.79186,2.11911
[ 4.19999981  1.39999998],1.79025,1.39038
[ 4.5999999 -3.4000001],1.99034,2.8658
[ 2.20000005  1.        ],1.45906,0.917019
[ 1.          1.79999995],1.41303,0.914787
[-1.79999995  3.79999995],1.90825,1.72764
[-3.79999995  2.5999999 ],1.97381,2.23608
