Inputs,"f(x,y)","f*(x,y)"
[-0.49855155  0.77005309],0.318335,1.14299
[ 2.94086909  1.86896312],1.91106,1.94345
[-0.44709274  0.0955403 ],0.0385049,0.305498
[-3.83631682 -4.51550961],1.993,2.02149
[-4.22610188  2.64704013],1.97691,1.98396
[ 3.62469935 -0.76136822],1.24575,0.254925
[-3.6916213  1.0958873],1.5852,1.39056
[-0.46819562  1.53794682],0.894208,1.25467
