Inputs,"f(x,y)","f*(x,y)"
[ 3.79999995 -2.5999999 ],1.97381,2.0304
[-1. -5.],1.4984,2.12513
[-1.39999998 -3.79999995],1.78868,1.94968
[ 2.5999999  -4.19999981],1.97538,1.73986
[-5.          2.20000005],1.95746,2.01578
[-0.2        -1.39999998],0.795054,0.831962
[-3.4000001 -4.5999999],1.99034,3.1201
[-3.79999995  2.5999999 ],1.97381,1.77175
