Inputs,"f(x,y)","f*(x,y)"
1.7,2.35166,2.33967
0.55,0.70254,0.693254
1.1,1.53493,1.51953
0.9,1.23518,1.21881
1.25,1.75191,1.73203
1.4,1.96066,1.94237
1.45,2.0283,2.00967
0.8,1.08248,1.068
0.1,0.105261,0.0832412
1.0,1.38629,1.37116
0.65,0.853191,0.843155
1.35,1.89204,1.87229
