Inputs,"f(x,y)","f*(x,y)"
[-2.20000005  3.79999995],1.95429,1.7607
[ 1.         -4.19999981],1.4968,1.47872
[-1.          4.19999981],1.4968,1.20622
[-1.79999995  0.60000002],1.02776,1.14202
[-4.19999981 -1.        ],1.4968,1.55118
[-5.          1.39999998],1.79186,1.23196
[-0.60000002  1.        ],0.614731,1.18364
[-3.        -2.5999999],1.96639,1.79425
