Inputs,"f(x,y)","f*(x,y)"
0.964009,1.33215,1.31456
1.93553,2.63424,2.7001
1.16346,1.62768,1.59973
1.37593,1.92775,1.90255
1.34679,1.88761,1.86102
0.160652,0.174463,0.164011
1.45071,2.02925,2.00912
0.464056,0.576241,0.597902
0.833871,1.13431,1.12801
1.16937,1.63623,1.60814
1.60908,2.23691,2.23484
0.929254,1.2796,1.26474
