Inputs,"f(x,y)","f*(x,y)"
[-5.  3.],1.98621,2.34663
[-4.5999999   0.60000002],1.1125,2.22248
[ 3.4000001   1.39999998],1.78603,1.59534
[-0.60000002 -0.2       ],0.116328,0.632272
[ 1.39999998  1.79999995],1.70648,1.66977
[ 0.2 -5. ],1.0,1.93298
[-0.2        -2.20000005],0.960657,0.941944
[-1.         4.5999999],1.49777,2.13516
