Inputs,"f(x,y)","f*(x,y)"
0.757756,1.01778,1.0245
0.224526,0.251737,0.250978
1.15192,1.61091,1.59657
0.71991,0.959844,0.96957
0.51587,0.651948,0.673439
0.101136,0.106519,0.0926579
0.723864,0.965893,0.975309
1.07111,1.49228,1.47927
1.60059,2.22603,2.21676
1.50245,2.09819,2.08174
0.763885,1.02717,1.03339
1.66715,2.31057,2.30833
