Inputs,"f(x,y)","f*(x,y)"
0.262574,0.299824,0.292253
1.49167,2.08391,2.08865
0.790947,1.06862,1.08026
1.8814,2.57113,2.59587
1.96831,2.67196,2.70898
1.05786,1.47264,1.47748
0.852032,1.16207,1.17117
1.71426,2.36936,2.37834
0.829214,1.12719,1.13721
0.236977,0.267308,0.256326
1.76011,2.42577,2.43801
1.82228,2.50097,2.51893
