Inputs,"f(x,y)","f*(x,y)"
[ 3.28229761 -2.54261541],1.96809,2.00926
[-4.45025635  4.55585575],1.99514,2.94491
[-4.74722815 -1.46622348],1.82015,1.95498
[ 2.5439496  -4.36502981],1.97393,1.50067
[-4.34212637 -1.82317781],1.9142,1.87262
[-2.10386777  3.19251633],1.9419,1.75162
[-4.01457787  2.17050815],1.95305,2.45612
[-0.5251655   0.08758078],0.0707469,0.218067
