Inputs,"f(x,y)","f*(x,y)"
1.75,2.4134,2.40958
1.6,2.22527,2.22386
0.95,1.311,1.30721
0.2,0.221542,0.15351
0.45,0.555966,0.557187
0.65,0.853191,0.863276
1.05,1.46097,1.45539
0.25,0.283768,0.259873
1.7,2.35166,2.34894
0.5,0.628609,0.631275
0.05,0.051287,0.0844998
0.75,1.0059,1.01122
