Inputs,"f(x,y)","f*(x,y)"
[ 1.89918065 -0.68652683],1.11038,0.684363
[-2.86296821  2.32081294],1.95201,1.66639
[ 0.24544653 -0.8828187 ],0.3815,0.274351
[-3.38595366  1.3570292 ],1.76472,1.5508
[-1.02792931 -3.38806558],1.51999,1.45233
[-3.29718971  0.12684309],0.991869,1.33563
[-1.37684357 -1.29605699],1.52064,1.4328
[-0.61379969  4.17053175],1.121,1.86539
