Inputs,"f(x,y)","f*(x,y)"
[-0.28414634  0.41504899],0.0352968,0.160328
[-0.04276887  0.12448276],0.000243413,0.256747
[-1.67828918 -1.78531301],1.79845,1.34939
[-3.69579768 -4.77178621],1.99274,2.66361
[-3.82599163 -3.40957069],1.98801,2.66025
[ 4.41980505  1.9279964 ],1.9299,1.94404
[ 3.13028264  4.16273165],1.98637,2.11803
[-3.2425549  -1.48719561],1.82131,1.56476
