Inputs,"f(x,y)","f*(x,y)"
[-4.5999999   1.39999998],1.79123,1.52876
[-2.20000005  1.79999995],1.87208,1.55233
[ 2.20000005  2.20000005],1.91812,1.6571
[-1.          4.19999981],1.4968,1.7945
[ 2.5999999  4.5999999],1.97636,2.03436
[ 4.5999999 -5.       ],1.99617,2.25044
[ 3.        -2.5999999],1.96639,1.85651
[-0.2        -3.79999995],0.996825,1.59673
