Inputs,"f(x,y)","f*(x,y)"
[ 4.23461962  1.77246022],1.9049,1.62373
[ 4.3892436   4.23893023],1.99423,2.22039
[ 0.14431016 -1.03102994],0.530954,0.696692
[-3.39092517 -3.51953459],1.98602,2.16648
[ 4.32405138  1.16873431],1.6482,1.46434
[ 1.10914624 -3.80530572],1.59739,1.03915
[-4.19416952  3.74778867],1.99174,1.8882
[-2.15191555  3.21407652],1.94616,1.29595
