Inputs,"f(x,y)","f*(x,y)"
0.65,0.853191,0.86021
0.55,0.70254,0.718524
1.45,2.0283,2.01759
0.5,0.628609,0.627748
1.15,1.60811,1.59125
1.0,1.38629,1.3727
1.4,1.96066,1.95063
0.05,0.051287,0.0701481
1.5,2.09495,2.08209
0.75,1.0059,1.00664
0.25,0.283768,0.255583
0.7,0.929404,0.933423
