Inputs,"f(x,y)","f*(x,y)"
1.8,2.47418,2.49407
1.05,1.46097,1.47011
0.25,0.283768,0.249701
1.2,1.68046,1.71146
0.3,0.348542,0.32832
1.5,2.09495,2.10867
0.1,0.105261,0.118613
0.9,1.23518,1.23776
0.0,0.0,0.0924152
0.2,0.221542,0.180886
0.5,0.628609,0.645358
1.0,1.38629,1.3948
