Inputs,"f(x,y)","f*(x,y)"
[ 4.5999999  -1.79999995],1.9108,2.02761
[ 1.79999995  1.        ],1.41303,1.64742
[ 2.20000005 -3.79999995],1.95429,1.89366
[ 3.79999995 -1.        ],1.49523,1.83428
[-1.79999995  3.79999995],1.90825,1.13461
[-2.5999999 -2.5999999],1.95717,1.75463
[-1.         -4.19999981],1.4968,2.34672
[ 0.2         1.39999998],0.795054,1.14497
