Inputs,"f(x,y)","f*(x,y)"
[-3.          3.79999995],1.98303,2.04498
[-4.19999981  1.79999995],1.90982,1.28194
[-0.2        -2.20000005],0.960657,0.465484
[ 2.20000005  0.2       ],0.960657,1.16357
[-2.20000005  2.20000005],1.91812,1.47587
[ 1.79999995  1.        ],1.41303,1.04665
[ 1.         3.4000001],1.49257,1.31999
[ 4.19999981  3.        ],1.9846,1.71362
