Inputs,"f(x,y)","f*(x,y)"
[ 2.55695295 -3.1692121 ],1.96733,1.92211
[-0.4375968   0.84558719],0.373668,0.866953
[-1.779302   1.6449883],1.78912,1.20458
[ 2.05852485 -2.09461379],1.89786,1.76032
[ 2.21669769  2.55557346],1.93732,1.55826
[ 3.07350159 -0.17769581],0.989914,1.41996
[ 0.21854101  3.58380508],0.99625,1.36048
[-0.39533308 -2.8031528 ],1.00791,1.28363
