Inputs,"f(x,y)","f*(x,y)"
1.85,2.53402,2.54961
1.5,2.09495,2.10179
0.55,0.70254,0.711612
1.4,1.96066,1.96674
0.6,0.777488,0.788519
1.7,2.35166,2.35769
0.7,0.929404,0.945255
1.2,1.68046,1.68012
1.8,2.47418,2.48564
1.35,1.89204,1.89563
0.05,0.051287,0.0429181
1.05,1.46097,1.46303
