Inputs,"f(x,y)","f*(x,y)"
1.77181,2.44003,2.43217
1.2984,1.8202,1.80703
0.230647,0.259372,0.196409
0.76762,1.03289,1.04626
1.17947,1.65086,1.64122
1.23669,1.73297,1.72099
1.27592,1.78859,1.77569
0.982373,1.35982,1.36641
0.997241,1.38215,1.38714
1.76518,2.43195,2.42472
0.643082,0.842681,0.844698
1.62642,2.25905,2.26215
