Inputs,"f(x,y)","f*(x,y)"
[ 2.52030635 -0.79862952],1.26498,1.10891
[ 2.44594097  4.28097534],1.96985,2.47723
[-4.99888039 -2.60893989],1.97727,2.74456
[-3.88635921 -1.5194416 ],1.83766,1.97729
[-2.06756401  1.56928158],1.80657,1.0382
[-0.71012115 -2.3199122 ],1.16937,1.08855
[ 4.47550344  0.97917163],1.47648,1.55906
[ 1.39288163  0.74361974],1.02427,0.942117
