Inputs,"f(x,y)","f*(x,y)"
[-0.79446107  2.86721444],1.2703,1.3762
[ 1.76071823 -1.87257349],1.83054,1.31424
[-3.24074507 -2.39710975],1.96162,1.79448
[ 3.73167777  3.96100688],1.99082,2.06223
[ 2.33418727  2.10368538],1.91883,1.5723
[-0.10698645 -4.93486786],0.998448,1.2414
[-4.55582142  3.05345845],1.98631,1.35163
[ 4.34724426 -1.66479886],1.88202,1.71997
