Inputs,"f(x,y)","f*(x,y)"
[ 2.18709135  2.72887707],1.94041,1.91248
[-3.16414905 -1.73589671],1.89092,1.82
[-0.07889398  0.49741203],0.0577235,0.966809
[-3.85854673 -1.92935061],1.9282,1.89755
[ 1.79433358  3.33167887],1.90397,1.89778
[-2.55161023 -3.91190815],1.9727,1.97743
[-3.72867942 -1.85582745],1.9171,1.88963
[ 4.39616919 -4.83452749],1.9955,2.06085
