Inputs,"f(x,y)","f*(x,y)"
1.8,2.47418,2.48327
1.35,1.89204,1.90048
1.6,2.22527,2.23231
0.2,0.221542,0.210169
0.95,1.311,1.31544
0.7,0.929404,0.939029
1.75,2.4134,2.42165
0.9,1.23518,1.24016
0.0,0.0,0.0888379
1.65,2.28896,2.29605
0.75,1.0059,1.01431
0.55,0.70254,0.713182
