Inputs,"f(x,y)","f*(x,y)"
0.739783,0.990259,0.996824
1.65406,2.29408,2.27682
1.24951,1.75122,1.7375
1.8174,2.49511,2.49457
0.786753,1.0622,1.06634
1.9522,2.65347,2.67428
1.25163,1.75423,1.74032
0.781267,1.05379,1.05822
0.401367,0.486812,0.495943
1.94375,2.64374,2.66302
0.494062,0.619908,0.633138
0.653204,0.858063,0.868681
