Inputs,"f(x,y)","f*(x,y)"
[ 1.         -3.79999995],1.49523,1.43847
[-3.          1.39999998],1.78126,1.64293
[ 1.39999998 -4.19999981],1.79025,1.83639
[-3.4000001  -1.79999995],1.9056,1.00625
[-1.          3.79999995],1.49523,1.23498
[ 0.2        -1.39999998],0.795054,0.792767
[ 2.5999999  4.5999999],1.97636,1.45329
[ 2.20000005 -1.        ],1.45906,1.2689
