Inputs,"f(x,y)","f*(x,y)"
0.75,1.0059,1.01009
0.55,0.70254,0.711353
1.3,1.82245,1.81533
1.0,1.38629,1.38351
1.45,2.0283,2.01416
0.05,0.051287,0.0535473
1.65,2.28896,2.27926
0.9,1.23518,1.23414
1.5,2.09495,2.08044
0.25,0.283768,0.278356
1.9,2.59294,2.61064
1.35,1.89204,1.88161
