Inputs,"f(x,y)","f*(x,y)"
[ 1. -1.],1.0,0.421421
[ 3.          1.39999998],1.78126,1.35967
[-0.60000002 -4.5999999 ],1.1125,2.30615
[ 2.5999999   0.60000002],1.09332,1.14901
[ 0.2        3.4000001],0.99417,0.948067
[ 1.79999995  4.5999999 ],1.9108,1.24009
[-5.         -1.39999998],1.79186,1.85514
[-4.19999981 -4.19999981],1.99359,2.56771
