Inputs,"f(x,y)","f*(x,y)"
[ 2.03996658  4.97372532],1.94378,1.61118
[ 1.82611847 -4.55429125],1.91517,1.52108
[-2.69104075 -0.68829674],1.16459,1.46246
[ 1.42767429  1.82512283],1.72332,1.30753
[ 3.38560772 -3.5065937 ],1.98588,2.41462
[-1.02153862 -2.39965224],1.49202,1.30948
[ 2.2485826   2.98078036],1.94985,1.58197
[-1.89100552  3.5192945 ],1.92099,1.40008
