Inputs,"f(x,y)","f*(x,y)"
[ 3.68500638 -3.36413646],1.98686,1.80547
[-3.51226926 -4.58597326],1.99122,2.28295
[ 3.78125739  1.11851501],1.6053,1.32856
[ 0.18235654  4.72860336],0.999108,1.54409
[-4.69357586 -1.61992562],1.87114,1.41816
[ 2.62908697 -3.759305  ],1.97452,1.58429
[-0.59221482 -0.59796119],0.222886,1.17823
[-2.85619569  2.39739704],1.95581,1.84051
