Inputs,"f(x,y)","f*(x,y)"
0.972248,1.34457,1.33515
0.49664,0.623683,0.635446
0.471877,0.587573,0.597602
1.36908,1.91834,1.89014
0.0572948,0.0589909,0.066593
0.43303,0.531654,0.538233
1.54676,2.15637,2.13864
0.236655,0.266903,0.266254
0.795849,1.07613,1.08844
1.12929,1.57789,1.55478
1.78972,2.46176,2.47843
1.10844,1.54734,1.52562
