Inputs,"f(x,y)","f*(x,y)"
1.80261,2.47733,2.48958
1.41877,1.98617,1.97291
1.30763,1.83314,1.81739
0.0210418,0.0212661,0.0267216
0.217929,0.243552,0.245983
1.28963,1.80789,1.79133
0.952923,1.31542,1.30412
1.8286,2.50853,2.52456
1.9507,2.65174,2.68891
0.192776,0.212772,0.210963
1.26746,1.77665,1.75926
1.27574,1.78834,1.77123
