Inputs,"f(x,y)","f*(x,y)"
1.6,2.22527,2.19909
1.8,2.47418,2.45468
0.65,0.853191,0.848358
0.15,0.162013,0.127101
0.45,0.555966,0.556182
1.45,2.0283,2.00543
1.3,1.82245,1.80381
0.5,0.628609,0.62892
1.4,1.96066,1.93845
0.4,0.484892,0.483445
1.55,2.1606,2.13518
0.1,0.105261,0.0653525
