Inputs,"f(x,y)","f*(x,y)"
0.05,0.051287,0.10888
0.45,0.555966,0.56288
1.5,2.09495,2.08783
1.0,1.38629,1.3818
1.95,2.65094,2.6701
1.75,2.4134,2.41131
0.6,0.777488,0.786223
0.95,1.311,1.30736
0.15,0.162013,0.156068
0.65,0.853191,0.86067
1.55,2.1606,2.15253
0.0,0.0,0.10888
