Inputs,"f(x,y)","f*(x,y)"
[-2.57630134  1.56303179],1.8343,1.47631
[-4.28304052  3.53821063],1.9907,2.53652
[-4.94079161 -1.27240789],1.72218,2.00918
[ 1.40459478 -3.86192489],1.79112,2.018
[-1.74310076  2.25062442],1.86475,1.56499
[ 0.95320725 -4.36561251],1.44948,2.07796
[-4.69348288 -1.34807992],1.76553,1.99355
[-4.54645395 -3.85573578],1.99316,2.32685
