Inputs,"f(x,y)","f*(x,y)"
1.7,2.35166,2.36916
1.55,2.1606,2.17299
1.5,2.09495,2.10733
1.6,2.22527,2.23864
1.85,2.53402,2.55453
0.15,0.162013,0.161736
0.85,1.15896,1.17025
1.05,1.46097,1.47383
1.2,1.68046,1.70151
0.05,0.051287,0.0278053
1.15,1.60811,1.62562
0.3,0.348542,0.358917
