Inputs,"f(x,y)","f*(x,y)"
0.694613,0.921175,0.931869
1.09651,1.5298,1.5294
0.728241,0.972591,0.982223
0.88407,1.21094,1.21496
0.805358,1.09069,1.0977
1.58879,2.21086,2.21837
1.21545,1.70263,1.70544
0.196357,0.217112,0.202784
0.487091,0.60972,0.62113
0.252738,0.287251,0.278072
0.0251637,0.0254853,0.090578
0.273906,0.314431,0.308266
