Inputs,"f(x,y)","f*(x,y)"
[-3.  3.],1.97561,0.916015
[-4.19999981  4.19999981],1.99359,1.13709
[ 2.20000005 -1.        ],1.45906,1.36499
[-1.79999995 -0.60000002],1.02776,1.6146
[-1.         3.4000001],1.49257,0.207053
[ 1.79999995 -1.39999998],1.70648,1.50958
[-0.60000002  2.5999999 ],1.09332,0.0906165
[-3.79999995 -0.2       ],0.996825,1.91595
