Inputs,"f(x,y)","f*(x,y)"
1.45,2.0283,2.00303
1.75,2.4134,2.4288
0.45,0.555966,0.58378
1.4,1.96066,1.93207
0.5,0.628609,0.654742
0.05,0.051287,0.015306
0.0,0.0,0.0105344
1.3,1.82245,1.79014
1.9,2.59294,2.64169
0.15,0.162013,0.158005
0.6,0.777488,0.796667
1.25,1.75191,1.71918
