Inputs,"f(x,y)","f*(x,y)"
1.75,2.4134,2.39055
0.1,0.105261,0.0865306
1.8,2.47418,2.44935
1.05,1.46097,1.43863
0.85,1.15896,1.14361
0.65,0.853191,0.847656
1.4,1.96066,1.94187
1.1,1.53493,1.51285
1.2,1.68046,1.65586
0.15,0.162013,0.139758
0.55,0.70254,0.702467
0.5,0.628609,0.627718
