Inputs,"f(x,y)","f*(x,y)"
[-3.          1.39999998],1.78126,1.37028
[-0.60000002 -1.79999995],1.02776,1.44775
[-2.5999999  4.5999999],1.97636,1.85925
[ 1.         3.4000001],1.49257,1.56293
[-0.2       -3.4000001],0.99417,1.02273
[-5.         2.5999999],1.97699,1.85245
[ 0.60000002 -2.5999999 ],1.09332,1.21907
[ 4.19999981  1.79999995],1.90982,1.65243
