Inputs,"f(x,y)","f*(x,y)"
1.72841,2.38685,2.39809
0.689794,0.913818,0.917448
0.0510848,0.052429,0.128666
0.21572,0.240821,0.231792
0.832001,1.13145,1.14889
0.0171867,0.0173361,0.119772
1.94984,2.65075,2.64766
1.96911,2.67287,2.66938
0.559004,0.71597,0.71836
1.81092,2.48733,2.49109
1.7304,2.38932,2.40034
0.806059,1.09176,1.1109
