Inputs,"f(x,y)","f*(x,y)"
1.26643,1.77519,1.76915
0.0707031,0.0733021,0.102364
1.46146,2.04366,2.0329
1.61469,2.24409,2.22715
1.00766,1.39777,1.39159
0.904008,1.24127,1.23549
1.34572,1.88612,1.87981
1.93035,2.62825,2.62731
0.57637,0.741958,0.744156
0.930806,1.28195,1.27585
1.01474,1.40837,1.40226
1.03994,1.446,1.43982
