Inputs,"f(x,y)","f*(x,y)"
[ 1.         -1.79999995],1.41303,0.973816
[-2.20000005 -2.20000005],1.91812,1.08099
[-1.          1.79999995],1.41303,0.852651
[ 4.19999981  4.5999999 ],1.99457,2.41302
[-1.79999995 -4.5999999 ],1.9108,1.71509
[-4.19999981 -4.19999981],1.99359,1.9286
[-2.5999999  3.       ],1.96639,1.4987
[ 4.5999999 -0.2      ],0.999369,1.96768
