Inputs,"f(x,y)","f*(x,y)"
0.15,0.162013,0.141438
1.95,2.65094,2.66085
0.35,0.415663,0.421006
1.4,1.96066,1.96018
1.2,1.68046,1.68289
1.1,1.53493,1.53269
1.75,2.4134,2.41148
0.65,0.853191,0.856829
0.2,0.221542,0.209911
0.05,0.051287,0.039779
0.6,0.777488,0.781733
0.95,1.311,1.30741
