Inputs,"f(x,y)","f*(x,y)"
0.118607,0.126053,0.12629
1.19758,1.67697,1.64073
1.47133,2.05685,2.03021
0.872518,1.19333,1.17826
0.22172,0.24825,0.245981
0.964283,1.33256,1.30881
1.92405,2.62096,2.67326
0.669998,0.883625,0.890126
0.184788,0.203141,0.201843
1.6786,2.32495,2.3251
1.4608,2.04277,2.01522
0.0695015,0.0720114,0.0702313
