Inputs,"f(x,y)","f*(x,y)"
1.82089,2.4993,2.52774
0.540656,0.688638,0.697267
0.685846,0.907792,0.905156
1.86728,2.55448,2.59332
1.40209,1.96351,1.9307
0.969114,1.33985,1.31075
1.91176,2.60667,2.65622
1.46937,2.05423,2.02703
1.16001,1.62266,1.58407
0.0183869,0.0185579,0.0623591
0.145045,0.156264,0.179614
0.730331,0.975789,0.96885
