Inputs,"f(x,y)","f*(x,y)"
[-5.         4.5999999],1.99617,2.20561
[-2.20000005 -4.5999999 ],1.95683,2.13239
[ 3.          2.20000005],1.94686,1.25531
[ 1.79999995 -3.79999995],1.90825,1.42706
[ 2.5999999  -0.60000002],1.09332,1.52816
[ 1.          1.39999998],1.29346,1.42828
[ 4.19999981  1.79999995],1.90982,1.04147
[-4.19999981  0.2       ],0.998394,1.09887
