Inputs,"f(x,y)","f*(x,y)"
[ 2.20000005  2.20000005],1.91812,1.66293
[-3.79999995 -2.20000005],1.95429,1.91126
[ 3.79999995  2.5999999 ],1.97381,1.99409
[-4.5999999   4.19999981],1.99457,2.54382
[ 0.60000002 -2.5999999 ],1.09332,1.46317
[ 2.5999999 -0.2      ],0.980183,1.96797
[ 1.39999998 -1.        ],1.29346,1.72665
[ 4.19999981  1.        ],1.4968,2.10725
