Inputs,"f(x,y)","f*(x,y)"
1.60353,2.2298,2.21694
1.25773,1.76288,1.7568
1.81146,2.48798,2.49262
0.727454,0.971387,0.980334
1.85919,2.54492,2.55591
0.626772,0.817945,0.832908
0.863508,1.17959,1.17955
1.39876,1.95897,1.94545
1.86971,2.55735,2.56985
0.439584,0.541022,0.558814
0.274888,0.315702,0.321021
1.66556,2.30857,2.29918
