Inputs,"f(x,y)","f*(x,y)"
[-1.02722573 -3.8037374 ],1.52208,1.81103
[ 4.71241903 -4.29561377],1.99505,2.04618
[-1.80336308  2.8310709 ],1.89829,1.71072
[ 2.01940131 -2.47006178],1.91712,1.47539
[ 4.05272245 -2.78969169],1.98006,1.66424
[ 2.34917712  1.43837988],1.77883,1.09729
[-4.09948206  0.83632886],1.32498,1.63852
[-2.64866972 -0.8011058 ],1.27181,1.13662
