Inputs,"f(x,y)","f*(x,y)"
0.8,1.08248,1.08242
0.85,1.15896,1.15632
1.0,1.38629,1.37801
1.15,1.60811,1.5997
1.1,1.53493,1.52581
0.0,0.0,0.0803137
1.25,1.75191,1.7475
0.5,0.628609,0.639035
1.4,1.96066,1.94914
0.1,0.105261,0.108696
1.95,2.65094,2.68718
1.8,2.47418,2.4859
