Inputs,"f(x,y)","f*(x,y)"
0.1,0.105261,0.156005
1.4,1.96066,0.457611
1.8,2.47418,0.548649
0.75,1.0059,0.309357
0.7,0.929404,0.297953
1.35,1.89204,0.446207
0.95,1.311,0.354974
0.4,0.484892,0.227513
0.9,1.23518,0.34357
0.45,0.555966,0.239431
0.65,0.853191,0.286549
1.7,2.35166,0.525991
