Inputs,"f(x,y)","f*(x,y)"
1.1,1.53493,-0.103034
0.8,1.08248,-0.0585229
1.3,1.82245,-0.132708
1.2,1.68046,-0.117871
1.7,2.35166,-0.192056
1.9,2.59294,-0.221731
1.55,2.1606,-0.169801
1.45,2.0283,-0.154964
0.2,0.221542,0.0234146
0.45,0.555966,-0.0101522
1.85,2.53402,-0.214312
0.9,1.23518,-0.07336
