Inputs,"f(x,y)","f*(x,y)"
1.75,2.4134,0.0556278
1.65,2.28896,0.0551125
0.8,1.08248,0.0499619
1.25,1.75191,0.0527453
0.05,0.051287,0.045934
0.4,0.484892,0.0472368
1.0,1.38629,0.0512605
1.6,2.22527,0.0548214
1.35,1.89204,0.0533385
0.45,0.555966,0.0475774
1.5,2.09495,0.0542282
1.7,2.35166,0.0553701
