Inputs,"f(x,y)","f*(x,y)"
1.78938,2.46135,2.1475
0.367646,0.439868,0.461463
0.949574,1.31035,1.15157
1.96655,2.66994,2.35761
1.45563,2.03585,1.75171
1.85331,2.53795,2.22332
0.952521,1.31481,1.15507
0.60514,0.78524,0.743108
0.989641,1.37074,1.19909
0.75569,1.01462,0.921645
0.195771,0.216401,0.257635
0.747653,1.00231,0.912115
