Inputs,"f(x,y)","f*(x,y)"
1.37316,1.92394,0.125123
1.58134,2.20126,0.133028
0.0745491,0.0774433,0.0758164
0.690847,0.915425,0.0992165
0.939808,1.29558,0.108669
1.7874,2.45895,0.140851
0.362824,0.433227,0.0867619
1.29854,1.8204,0.12229
0.95836,1.32363,0.109374
0.338277,0.399728,0.0858299
0.952741,1.31514,0.10916
0.1107,0.11717,0.077189
