Inputs,"f(x,y)","f*(x,y)"
0.3,0.348542,0.0291786
1.9,2.59294,-0.0116823
1.05,1.46097,0.0193737
1.3,1.82245,0.0102635
0.75,1.0059,0.0276446
1.0,1.38629,0.0211957
1.7,2.35166,-0.0043128
1.8,2.47418,-0.0079838
1.55,2.1606,0.00115334
1.35,1.89204,0.00844146
0.55,0.70254,0.028403
1.6,2.22527,-0.00066871
