Inputs,"f(x,y)","f*(x,y)"
1.35,1.89204,0.00175838
0.75,1.0059,0.0189799
1.1,1.53493,0.00893402
0.55,0.70254,0.0247204
1.0,1.38629,0.0118043
0.35,0.415663,0.0304609
0.7,0.929404,0.020415
1.55,2.1606,-0.00398213
0.8,1.08248,0.0175448
0.65,0.853191,0.0218502
1.5,2.09495,-0.00254699
0.15,0.162013,0.0358722
