Inputs,"f(x,y)","f*(x,y)"
1.7,2.35166,0.435148
0.9,1.23518,0.268657
0.4,0.484892,0.1646
0.05,0.051287,0.0902892
0.95,1.311,0.279063
1.8,2.47418,0.455959
0.2,0.221542,0.122977
0.3,0.348542,0.143789
1.5,2.09495,0.393525
0.6,0.777488,0.206223
1.3,1.82245,0.351902
1.05,1.46097,0.299874
