Inputs,"f(x,y)","f*(x,y)"
1.85,2.53402,0.0748995
0.0,0.0,0.0514212
1.1,1.53493,0.0692864
1.65,2.28896,0.0735927
1.05,1.46097,0.0688949
1.6,2.22527,0.0732012
0.35,0.415663,0.057918
0.75,1.0059,0.0659984
1.0,1.38629,0.0685035
0.2,0.221542,0.0541675
1.9,2.59294,0.0750275
0.55,0.70254,0.063358
