Inputs,"f(x,y)","f*(x,y)"
0.55,0.70254,0.0412039
0.45,0.555966,0.0400934
1.65,2.28896,0.0381768
0.2,0.221542,0.0363036
1.3,1.82245,0.0394534
0.9,1.23518,0.0414793
0.75,1.0059,0.0420866
1.55,2.1606,0.0385457
0.0,0.0,0.0354565
0.35,0.415663,0.0386856
0.85,1.15896,0.0418275
1.95,2.65094,0.0367641
