Inputs,"f(x,y)","f*(x,y)"
0.993175,1.37605,0.00788414
0.307382,0.35831,0.0385917
1.98522,2.69126,-0.0365363
0.876257,1.19903,0.0131194
1.46535,2.04886,-0.0132581
1.66091,2.30272,-0.0220148
0.878009,1.2017,0.0130409
0.642172,0.8413,0.0236009
0.72813,0.972421,0.019752
0.825564,1.12161,0.0153892
1.54342,2.15202,-0.0167538
0.620604,0.808607,0.0245666
