Inputs,"f(x,y)","f*(x,y)"
1.4132,1.97861,0.930549
1.62544,2.2578,1.06465
1.963,2.66588,1.27792
1.00621,1.3956,0.673407
1.90706,2.60118,1.24258
0.498551,0.626484,0.352664
0.239923,0.271016,0.189259
0.328213,0.386142,0.245042
1.31075,1.8375,0.865825
0.820234,1.11345,0.555907
0.199531,0.220972,0.163739
1.5698,2.18632,1.02949
