Inputs,"f(x,y)","f*(x,y)"
1.55,2.1606,-0.11097
1.25,1.75191,-0.0821924
1.7,2.35166,-0.125359
0.45,0.555966,-0.00545221
1.05,1.46097,-0.0630074
1.75,2.4134,-0.130155
1.0,1.38629,-0.0582111
0.6,0.777488,-0.019841
1.1,1.53493,-0.0678036
1.45,2.0283,-0.101377
0.4,0.484892,-0.000655953
0.75,1.0059,-0.0342298
