Inputs,"f(x,y)","f*(x,y)"
0.0,0.0,0.0332203
1.55,2.1606,0.0351816
1.8,2.47418,0.0354257
1.15,1.60811,0.0347911
0.05,0.051287,0.0333286
0.45,0.555966,0.0341075
1.05,1.46097,0.0346934
0.25,0.283768,0.0337657
0.55,0.70254,0.0342052
1.0,1.38629,0.0346446
0.35,0.415663,0.0339699
1.25,1.75191,0.0348887
