Inputs,"f(x,y)","f*(x,y)"
1.8,2.47418,0.336506
1.55,2.1606,0.29721
0.05,0.051287,0.0557078
0.75,1.0059,0.171463
1.15,1.60811,0.234336
0.8,1.08248,0.179322
0.25,0.283768,0.0928709
1.5,2.09495,0.289351
1.65,2.28896,0.312928
0.85,1.15896,0.187181
0.35,0.415663,0.108589
1.0,1.38629,0.210759
