Inputs,"f(x,y)","f*(x,y)"
1.67942,2.32597,0.0619511
1.97293,2.67724,0.0602549
0.92186,1.26839,0.0639574
1.0382,1.44341,0.0649165
1.35296,1.89613,0.0638378
1.50124,2.09658,0.0629809
1.32197,1.85314,0.0640169
0.748637,1.00382,0.0624247
1.68399,2.33168,0.0619247
1.59368,2.21715,0.0624466
0.0294524,0.0298941,0.0576924
0.031323,0.0318231,0.0576924
