Inputs,"f(x,y)","f*(x,y)"
0.441216,0.543359,0.109557
0.578376,0.744967,0.125424
0.480934,0.600741,0.114504
1.55467,2.16668,0.232007
0.677456,0.894993,0.136241
0.992414,1.37491,0.170625
0.315608,0.369253,0.0938773
0.949122,1.30967,0.165899
0.792895,1.0716,0.148844
0.134881,0.144557,0.0693863
0.840241,1.14405,0.154012
1.06847,1.48838,0.178929
