Inputs,"f(x,y)","f*(x,y)"
0.426566,0.522443,0.0494533
0.4746,0.591527,0.0499203
0.327179,0.384751,0.0484869
1.88694,2.57764,0.0591022
1.78345,2.45416,0.0585664
1.84884,2.53265,0.058905
1.15613,1.61703,0.0550157
0.0380823,0.0388242,0.045853
1.46469,2.04798,0.0567894
1.7723,2.44062,0.0585087
1.46885,2.05355,0.0568131
1.47293,2.05898,0.0568359
