Inputs,"f(x,y)","f*(x,y)"
0.347492,0.412244,0.105904
1.78981,2.46187,0.35569
1.50724,2.10452,0.306754
0.995393,1.37938,0.21811
0.757331,1.01713,0.176881
1.27597,1.78866,0.266701
1.20501,1.68766,0.254413
0.512221,0.64657,0.134432
0.621986,0.810699,0.153442
1.40585,1.96863,0.289195
0.385552,0.464686,0.112495
1.65058,2.28969,0.331578
