Inputs,"f(x,y)","f*(x,y)"
0.795567,1.07569,-0.101983
0.759502,1.02046,-0.0954303
1.82778,2.50755,-0.289531
1.02386,1.42202,-0.143463
1.3526,1.89562,-0.203192
0.753843,1.01179,-0.094402
1.10923,1.5485,-0.158973
0.63628,0.832357,-0.0730415
1.88574,2.57622,-0.30006
1.72961,2.38834,-0.271693
1.52628,2.12958,-0.234749
1.51556,2.11548,-0.232801
