Inputs,"f(x,y)","f*(x,y)"
1.3,1.82245,0.128099
0.75,1.0059,0.0954558
1.9,2.59294,0.163405
0.1,0.105261,0.0564877
1.35,1.89204,0.131041
0.5,0.628609,0.0806122
0.7,0.929404,0.0924866
1.4,1.96066,0.133983
1.2,1.68046,0.12218
1.15,1.60811,0.11921
0.15,0.162013,0.0593344
0.95,1.311,0.107333
