Inputs,"f(x,y)","f*(x,y)"
0.1,0.105261,0.0338174
0.55,0.70254,0.0325667
0.5,0.628609,0.0327456
0.25,0.283768,0.0336291
0.6,0.777488,0.0324222
1.7,2.35166,0.032974
1.6,2.22527,0.0329708
0.75,1.0059,0.0326048
1.4,1.96066,0.0329645
1.9,2.59294,0.0329804
0.45,0.555966,0.0329244
1.2,1.68046,0.0329714
