Inputs,"f(x,y)","f*(x,y)"
1.32696,1.8601,-0.367079
0.860709,1.17531,-0.212824
0.364961,0.436168,-0.0488114
0.935693,1.28935,-0.237631
0.276901,0.318312,-0.0196777
0.471965,0.587702,-0.0842126
1.07242,1.49423,-0.282866
0.885503,1.21312,-0.221027
0.841125,1.1454,-0.206345
1.35189,1.89465,-0.375326
1.46323,2.04603,-0.412162
0.33072,0.389518,-0.0374833
