Inputs,"f(x,y)","f*(x,y)"
1.65,2.28896,0.806475
1.9,2.59294,0.92451
0.15,0.162013,0.0982698
1.3,1.82245,0.641227
0.25,0.283768,0.145484
0.55,0.70254,0.287125
0.9,1.23518,0.452373
1.0,1.38629,0.499586
1.8,2.47418,0.877296
1.45,2.0283,0.712048
0.2,0.221542,0.121877
0.4,0.484892,0.216304
