Inputs,"f(x,y)","f*(x,y)"
1.06241,1.47939,0.331293
1.08928,1.51914,0.338589
0.242698,0.274517,0.108751
1.28579,1.8025,0.391939
0.738898,0.988903,0.243464
1.42222,1.99084,0.428978
0.710572,0.945562,0.235773
0.041055,0.0419188,0.0496468
0.159282,0.172855,0.0861042
0.623122,0.812417,0.212032
0.958688,1.32412,0.303134
0.822013,1.11618,0.266029
