Inputs,"f(x,y)","f*(x,y)"
1.7,2.35166,0.138217
1.55,2.1606,0.129684
1.65,2.28896,0.135373
0.45,0.555966,0.0662023
0.35,0.415663,0.0594227
0.95,1.311,0.0955529
1.35,1.89204,0.118307
1.25,1.75191,0.112618
1.3,1.82245,0.115463
1.45,2.0283,0.123995
0.65,0.853191,0.0784874
0.15,0.162013,0.0458634
