Inputs,"f(x,y)","f*(x,y)"
1.39907,1.95939,-0.0262506
0.873454,1.19476,0.00710781
1.07803,1.50252,-0.00587545
7.89424e-05,7.89455e-05,0.0287471
1.39661,1.95604,-0.0260945
1.68156,2.32865,-0.0441786
0.901939,1.23813,0.00530001
0.794928,1.07472,0.0120915
0.958647,1.32406,0.00170101
0.0130227,0.0131083,0.028811
0.535035,0.680294,0.028294
1.05215,1.46416,-0.00423288
