Inputs,"f(x,y)","f*(x,y)"
1.05,1.46097,0.0724031
1.2,1.68046,0.0751277
1.35,1.89204,0.0778524
0.45,0.555966,0.0615045
1.1,1.53493,0.0733113
1.65,2.28896,0.0833017
1.25,1.75191,0.076036
1.95,2.65094,0.088751
1.55,2.1606,0.0814853
0.7,0.929404,0.0660456
1.0,1.38629,0.0714949
0.1,0.105261,0.0481504
