Inputs,"f(x,y)","f*(x,y)"
0.95,1.311,0.0617084
1.45,2.0283,0.0705885
0.0,0.0,0.0446302
1.75,2.4134,0.0759166
0.5,0.628609,0.0537164
0.75,1.0059,0.0581564
1.35,1.89204,0.0688125
0.2,0.221542,0.0483722
1.5,2.09495,0.0714765
1.9,2.59294,0.0785806
0.05,0.051287,0.0456364
0.85,1.15896,0.0599324
