Inputs,"f(x,y)","f*(x,y)"
1.41,1.97426,-0.0129721
0.229491,0.257926,0.0567409
1.38044,1.93393,-0.0111946
0.517027,0.653654,0.0407353
0.59834,0.774986,0.0358448
0.606174,0.7868,0.0353736
1.40245,1.964,-0.0125185
1.34337,1.88287,-0.00896506
0.543446,0.692786,0.0391463
0.37131,0.444925,0.0494995
0.328654,0.386735,0.052065
0.159911,0.173593,0.0558321
