Inputs,"f(x,y)","f*(x,y)"
0.817445,1.10919,0.126168
0.75704,1.01668,0.124985
1.93439,2.63293,0.148447
1.65242,2.29202,0.142799
0.43901,0.5402,0.118622
0.851725,1.1616,0.12684
1.08947,1.51941,0.131523
0.458815,0.568667,0.119037
1.07414,1.49677,0.131216
1.47897,2.06703,0.139325
0.741903,0.993504,0.124689
1.27886,1.79275,0.135317
