Inputs,"f(x,y)","f*(x,y)"
0.584486,0.754141,0.0501819
0.388774,0.469179,0.0464316
0.157732,0.171037,0.0407202
1.1435,1.59864,0.0496255
1.14257,1.59729,0.0496301
1.0236,1.42162,0.0502266
0.0706309,0.0732244,0.0390529
1.32032,1.85085,0.0488036
1.83176,2.5123,0.0464284
0.559549,0.716783,0.0499268
0.029915,0.0303708,0.0381925
1.14325,1.59829,0.0496267
