Inputs,"f(x,y)","f*(x,y)"
1.35,1.89204,0.0675669
0.15,0.162013,0.0538707
0.6,0.777488,0.0592629
1.95,2.65094,0.0710489
0.95,1.311,0.0632447
0.4,0.484892,0.0568663
1.3,1.82245,0.0670266
1.15,1.60811,0.0654058
1.7,2.35166,0.0702833
0.55,0.70254,0.0586637
0.9,1.23518,0.0627045
1.75,2.4134,0.0706161
