Inputs,"f(x,y)","f*(x,y)"
1.41385,1.9795,0.118169
0.286335,0.330597,0.0542938
0.0911914,0.0955516,0.0432386
0.832413,1.13208,0.08523
1.40777,1.97123,0.117825
1.32905,1.863,0.113366
0.469294,0.583827,0.0646587
0.726954,0.970621,0.0792556
0.0818314,0.0853294,0.0427084
1.30495,1.82939,0.112
1.26545,1.77381,0.109762
1.99859,2.70646,0.151296
