Inputs,"f(x,y)","f*(x,y)"
1.3,1.82245,0.194347
0.15,0.162013,0.11784
0.45,0.555966,0.140019
1.4,1.96066,0.200318
0.5,0.628609,0.14364
0.8,1.08248,0.164072
1.9,2.59294,0.229873
0.75,1.0059,0.160909
1.7,2.35166,0.218058
1.55,2.1606,0.209197
1.8,2.47418,0.223965
1.0,1.38629,0.176484
