Inputs,"f(x,y)","f*(x,y)"
0.865903,1.18324,0.113912
0.173306,0.189418,0.060459
0.287166,0.331683,0.0692465
0.249728,0.283423,0.0663571
0.00615507,0.00617409,0.0459531
1.14305,1.59799,0.135302
0.947918,1.30785,0.120242
0.0132013,0.0132892,0.0469751
0.633438,0.828047,0.0959711
1.22725,1.71951,0.1418
1.80599,2.48141,0.186467
0.443872,0.547165,0.0813407
