Inputs,"f(x,y)","f*(x,y)"
0.05,0.051287,0.0427196
0.4,0.484892,0.0443949
0.0,0.0,0.0434939
1.25,1.75191,0.0224319
0.65,0.853191,0.0382994
0.45,0.555966,0.0431758
0.75,1.0059,0.0358611
1.8,2.47418,0.00691118
1.05,1.46097,0.0280759
1.65,2.28896,0.0111441
0.9,1.23518,0.0322038
1.2,1.68046,0.0238429
