Inputs,"f(x,y)","f*(x,y)"
1.11445,1.55617,0.088511
0.740174,0.990857,0.0761061
1.64401,2.28138,0.104215
1.77011,2.43796,0.106575
1.36262,1.90946,0.0967363
0.94437,1.30248,0.0828739
0.375729,0.451039,0.0613901
1.68665,2.33501,0.105013
0.81194,1.10076,0.0784846
0.422714,0.516968,0.0635268
0.921956,1.26853,0.082131
1.99184,2.69879,0.110723
