Inputs,"f(x,y)","f*(x,y)"
0.894924,1.22746,0.0247271
0.756082,1.01522,0.0247271
0.34116,0.403635,0.0247271
1.1084,1.54729,0.0247271
1.71966,2.37605,0.0247271
1.11109,1.55123,0.0247271
0.26914,0.308272,0.0247271
0.212522,0.236878,0.0247271
1.5711,2.18801,0.0247271
1.92853,2.62615,0.0247271
1.68273,2.33011,0.0247271
0.0663845,0.0686711,0.0247271
