Inputs,"f(x,y)","f*(x,y)"
0.0503026,0.0516055,0.0352816
0.961998,1.32912,0.0259916
0.698426,0.926999,0.0297341
1.34867,1.8902,0.0205011
1.94198,2.6417,0.0120765
1.81998,2.4982,0.0138089
1.7523,2.41622,0.0147698
1.04203,1.44912,0.0248551
1.61596,2.24571,0.0167057
1.63273,2.26707,0.0164676
0.533034,0.677327,0.0320826
0.368801,0.441461,0.0344119
