Inputs,"f(x,y)","f*(x,y)"
0.35,0.415663,0.0247081
1.65,2.28896,-0.0128549
0.25,0.283768,0.0262586
1.55,2.1606,-0.00893301
1.7,2.35166,-0.0149096
1.5,2.09495,-0.00698223
1.95,2.65094,-0.0251835
1.25,1.75191,0.00119275
0.9,1.23518,0.0112769
0.7,0.929404,0.0170393
0.4,0.484892,0.0244667
0.95,1.311,0.0098363
