Inputs,"f(x,y)","f*(x,y)"
0.5,0.628609,-0.0661379
1.45,2.0283,-0.375689
0.15,0.162013,0.0447857
0.25,0.283768,0.013314
0.7,0.929404,-0.131307
1.8,2.47418,-0.489734
1.15,1.60811,-0.277936
0.65,0.853191,-0.115014
0.9,1.23518,-0.196475
1.65,2.28896,-0.440857
0.0,0.0,0.0545493
1.4,1.96066,-0.359397
