Inputs,"f(x,y)","f*(x,y)"
1.3,1.82245,0.0774629
0.3,0.348542,0.0412025
1.15,1.60811,0.0720239
0.1,0.105261,0.0339504
1.8,2.47418,0.0955931
0.5,0.628609,0.0484546
0.6,0.777488,0.0520806
0.65,0.853191,0.0538937
0.55,0.70254,0.0502676
0.15,0.162013,0.0357634
1.55,2.1606,0.086528
1.7,2.35166,0.0919671
