Inputs,"f(x,y)","f*(x,y)"
0.4,0.484892,0.0754422
0.1,0.105261,0.0515499
0.7,0.929404,0.0843933
1.7,2.35166,0.114231
0.0,0.0,0.0383795
1.45,2.0283,0.106771
1.85,2.53402,0.118696
0.9,1.23518,0.0903608
1.25,1.75191,0.100804
1.9,2.59294,0.120182
1.6,2.22527,0.111247
0.25,0.283768,0.0672386
