Inputs,"f(x,y)","f*(x,y)"
1.56147,2.17553,0.303543
0.919838,1.26532,0.209003
0.0904782,0.0947693,0.0871364
0.0722133,0.0749262,0.0844945
0.0341292,0.0347238,0.0788316
1.46105,2.04311,0.288746
0.683079,0.90357,0.174119
1.32452,1.85669,0.26863
1.48884,2.08015,0.292841
1.70796,2.36155,0.325127
0.861815,1.177,0.200454
0.725162,0.967878,0.180319
