Inputs,"f(x,y)","f*(x,y)"
0.140137,0.150597,0.0622705
1.11948,1.56354,0.0786209
1.89347,2.58529,0.0901885
0.224427,0.251613,0.0644341
1.28562,1.80226,0.081104
0.348255,0.413284,0.0670945
0.936509,1.29059,0.0758863
1.51537,2.11523,0.0845376
1.41939,1.987,0.0831031
0.723733,0.965692,0.0727062
1.75383,2.41808,0.0881015
1.43197,2.00402,0.0832912
