Inputs,"f(x,y)","f*(x,y)"
1.4,1.96066,0.181846
1.1,1.53493,0.156024
1.35,1.89204,0.177542
0.9,1.23518,0.13881
0.1,0.105261,0.0715175
1.75,2.4134,0.211971
0.2,0.221542,0.079373
0.4,0.484892,0.0957739
0.05,0.051287,0.0660455
0.35,0.415663,0.0914703
1.05,1.46097,0.151721
0.5,0.628609,0.104381
