Inputs,"f(x,y)","f*(x,y)"
0.376095,0.451547,0.0674155
1.00539,1.39438,0.0495193
1.21918,1.70797,0.0372047
0.387358,0.467204,0.0679427
0.613266,0.79751,0.0716291
0.0207297,0.0209474,0.0605978
0.615184,0.800409,0.0715527
1.99135,2.69823,-0.0161839
1.8076,2.48334,-0.00241511
0.485743,0.607752,0.0741897
0.595676,0.770974,0.0723293
0.706033,0.938623,0.0667626
