Inputs,"f(x,y)","f*(x,y)"
0.604524,0.78431,0.0389895
1.49141,2.08357,0.0450017
0.15015,0.162186,0.0358785
1.65851,2.2997,0.0461322
1.20525,1.68799,0.0430655
0.703808,0.935224,0.0396637
0.053777,0.0552686,0.0351637
0.199221,0.220593,0.0362332
1.81461,2.49176,0.0471884
0.761253,1.02314,0.0400538
0.895598,1.22849,0.0409662
0.953529,1.31633,0.0413596
