Inputs,"f(x,y)","f*(x,y)"
1.99862,2.70648,0.216811
0.188646,0.207784,0.0765171
0.488244,0.611403,0.100079
0.651531,0.855518,0.112921
0.3959,0.479142,0.0928169
1.74204,2.40363,0.197589
1.18771,1.66275,0.15509
0.958045,1.32315,0.137027
0.853735,1.16467,0.128824
1.94329,2.64321,0.212666
1.43037,2.00185,0.174174
0.846385,1.15344,0.128246
