Inputs,"f(x,y)","f*(x,y)"
0.528011,0.669886,0.0294253
0.881174,1.20652,0.029623
0.110547,0.116999,0.0291737
0.194575,0.214951,0.0292233
0.313025,0.365811,0.029295
1.07512,1.49823,0.0297176
0.865694,1.18292,0.0296154
1.71559,2.37101,0.0300245
0.081556,0.0850301,0.0291584
1.21184,1.69745,0.0297837
1.80186,2.47642,0.0300657
1.32394,1.85588,0.0298373
