Inputs,"f(x,y)","f*(x,y)"
1.9,2.59294,0.0210739
0.95,1.311,0.0266902
0.65,0.853191,0.0281385
0.15,0.162013,0.0315143
1.7,2.35166,0.022529
1.75,2.4134,0.0222516
0.75,1.0059,0.0276638
0.1,0.105261,0.031083
1.85,2.53402,0.0215845
0.35,0.415663,0.0309735
0.7,0.929404,0.0279011
1.1,1.53493,0.025858
