Inputs,"f(x,y)","f*(x,y)"
1.15,1.60811,0.0073883
1.55,2.1606,-0.00520108
1.35,1.89204,0.0011595
1.3,1.82245,0.00271671
1.6,2.22527,-0.00731409
0.85,1.15896,0.0167315
1.5,2.09495,-0.00351208
0.35,0.415663,0.0278935
1.75,2.4134,-0.0138983
0.3,0.348542,0.0271939
1.95,2.65094,-0.0235047
1.65,2.28896,-0.00942714
