Inputs,"f(x,y)","f*(x,y)"
1.98632,2.69252,0.0809156
0.965311,1.33412,0.0768747
1.87581,2.56455,0.0804905
1.45416,2.03388,0.078816
1.3765,1.92852,0.0785076
0.407296,0.495156,0.0746586
1.50789,2.10537,0.0790294
0.0194474,0.0196389,0.0732338
1.69003,2.33924,0.0797527
1.61955,2.25029,0.0794728
1.42381,1.99299,0.0786955
0.120438,0.128121,0.0737425
