Inputs,"f(x,y)","f*(x,y)"
0.95,1.311,0.0598863
0.1,0.105261,0.0470337
0.85,1.15896,0.0601127
1.45,2.0283,0.0587543
0.35,0.415663,0.0534231
0.2,0.221542,0.0500272
0.4,0.484892,0.0544159
1.35,1.89204,0.0589807
1.7,2.35166,0.0581883
1.4,1.96066,0.0588675
1.0,1.38629,0.0597731
0.3,0.348542,0.0524303
