Inputs,"f(x,y)","f*(x,y)"
1.87704,2.566,0.0353061
1.66257,2.30481,0.0353715
1.82008,2.49832,0.0353879
1.18462,1.6583,0.034819
1.32143,1.8524,0.0353137
0.620711,0.808769,0.0327799
1.42659,1.99675,0.0353469
0.284325,0.327973,0.0316463
0.610189,0.792862,0.0327419
1.98085,2.68629,0.0349986
1.08567,1.5138,0.0344612
1.76754,2.43482,0.0353824
