Inputs,"f(x,y)","f*(x,y)"
0.3,0.348542,0.0593141
1.2,1.68046,0.0647138
0.2,0.221542,0.0586948
1.75,2.4134,0.0660417
0.05,0.051287,0.0576353
0.4,0.484892,0.0599349
1.6,2.22527,0.0660802
0.9,1.23518,0.063004
0.1,0.105261,0.058045
1.25,1.75191,0.0649987
1.5,2.09495,0.0661059
0.55,0.70254,0.0608662
