Inputs,"f(x,y)","f*(x,y)"
0.599224,0.776318,0.187565
0.566108,0.726587,0.181957
0.353858,0.420932,0.146011
1.82097,2.49939,0.394472
1.9877,2.69409,0.422709
1.46813,2.05258,0.334717
1.94624,2.64661,0.415686
1.43817,2.01239,0.329644
1.99133,2.69822,0.423324
0.456689,0.5656,0.163426
1.05498,1.46836,0.264748
0.251904,0.286189,0.128533
