Inputs,"f(x,y)","f*(x,y)"
0.8,1.08248,-0.0581678
0.35,0.415663,0.00866233
0.9,1.23518,-0.0730189
1.5,2.09495,-0.162126
1.45,2.0283,-0.1547
1.85,2.53402,-0.214105
0.65,0.853191,-0.0358911
0.15,0.162013,0.0383646
1.0,1.38629,-0.0878701
0.5,0.628609,-0.0136144
0.4,0.484892,0.00123676
0.7,0.929404,-0.0433167
