Inputs,"f(x,y)","f*(x,y)"
1.3641,1.91148,0.0920821
0.540085,0.687791,0.0576912
1.3008,1.82356,0.0894401
1.24834,1.74955,0.0872508
1.81392,2.49093,0.110856
0.543868,0.693413,0.0578491
1.65385,2.29382,0.104175
0.725957,0.969096,0.0654488
0.235999,0.266079,0.0449999
0.35537,0.423002,0.049982
0.601096,0.779141,0.0602376
0.174597,0.190954,0.0424373
