Inputs,"f(x,y)","f*(x,y)"
0.25,0.283768,0.0443253
1.25,1.75191,0.0453097
0.35,0.415663,0.0444342
1.45,2.0283,0.0453679
0.15,0.162013,0.0442163
1.6,2.22527,0.0453651
0.8,1.08248,0.0449466
1.95,2.65094,0.0453142
0.85,1.15896,0.0450057
0.1,0.105261,0.0441578
0.0,0.0,0.0440247
1.4,1.96066,0.0453579
