Inputs,"f(x,y)","f*(x,y)"
1.05,1.46097,0.514407
1.95,2.65094,0.922368
0.75,1.0059,0.37842
1.7,2.35166,0.809045
0.2,0.221542,0.129111
0.25,0.283768,0.151775
1.1,1.53493,0.537071
1.6,2.22527,0.763716
1.9,2.59294,0.899703
1.45,2.0283,0.695723
1.3,1.82245,0.627729
0.05,0.051287,0.0611171
