Inputs,"f(x,y)","f*(x,y)"
1.55,2.1606,0.0431813
0.1,0.105261,0.0355956
0.0,0.0,0.0350112
1.85,2.53402,0.0442633
0.8,1.08248,0.0393907
1.8,2.47418,0.044083
0.3,0.348542,0.0366956
0.15,0.162013,0.0358756
1.45,2.0283,0.0427957
1.95,2.65094,0.0445592
1.15,1.60811,0.0412525
0.2,0.221542,0.0361548
