Inputs,"f(x,y)","f*(x,y)"
0.7,0.929404,0.0823374
0.15,0.162013,0.0611414
1.45,2.0283,0.102205
1.4,1.96066,0.10092
1.1,1.53493,0.0932145
0.1,0.105261,0.0586798
1.8,2.47418,0.111195
0.5,0.628609,0.0762432
1.35,1.89204,0.0996361
1.15,1.60811,0.0944988
1.75,2.4134,0.109911
1.2,1.68046,0.0957832
