Inputs,"f(x,y)","f*(x,y)"
0.25,0.283768,0.0685617
0.5,0.628609,0.0822422
0.65,0.853191,0.0900087
0.95,1.311,0.105542
0.45,0.555966,0.0796534
1.35,1.89204,0.126252
0.15,0.162013,0.062125
1.75,2.4134,0.146962
0.05,0.051287,0.052746
1.55,2.1606,0.136607
1.9,2.59294,0.154729
0.4,0.484892,0.0770646
