Inputs,"f(x,y)","f*(x,y)"
1.8,2.47418,0.0495096
1.35,1.89204,0.0480577
0.2,0.221542,0.0423243
0.85,1.15896,0.0457423
1.25,1.75191,0.047734
1.75,2.4134,0.0493483
0.75,1.0059,0.0452255
1.05,1.46097,0.0467685
0.5,0.628609,0.0439308
0.0,0.0,0.0412457
0.6,0.777488,0.0444503
1.5,2.09495,0.0485417
