Inputs,"f(x,y)","f*(x,y)"
0.2,0.221542,0.0410637
0.65,0.853191,0.0446514
1.95,2.65094,0.0394912
1.4,1.96066,0.0437986
0.35,0.415663,0.041677
1.3,1.82245,0.043988
0.4,0.484892,0.0420769
1.15,1.60811,0.0443533
0.8,1.08248,0.04588
1.35,1.89204,0.0438991
1.65,2.28896,0.0418932
1.05,1.46097,0.0451017
