Inputs,"f(x,y)","f*(x,y)"
0.417905,0.510147,0.0958697
1.26143,1.76813,0.146491
0.226602,0.254321,0.084145
0.833202,1.13329,0.120653
0.649092,0.851812,0.109663
1.99401,2.70126,0.190692
1.88799,2.57887,0.184295
1.45538,2.03552,0.158193
0.460735,0.57144,0.0984379
1.61723,2.24733,0.167959
1.56355,2.17823,0.16472
1.07196,1.49354,0.135059
