Inputs,"f(x,y)","f*(x,y)"
0.839571,1.14303,-0.107791
1.51659,2.11684,-0.24997
0.683716,0.904542,-0.07506
0.319628,0.374624,0.00140164
0.675127,0.891443,-0.0732563
1.43718,2.01105,-0.233294
0.714764,0.951973,-0.0815803
1.30711,1.83241,-0.205978
1.92147,2.61796,-0.334999
0.710382,0.945272,-0.08066
1.0909,1.52153,-0.160573
1.6134,2.24243,-0.270301
