Inputs,"f(x,y)","f*(x,y)"
1.13297,1.58327,0.310416
1.97432,2.67883,0.493362
1.98957,2.69621,0.496678
1.4644,2.04759,0.382483
1.84091,2.52321,0.464352
0.663694,0.874024,0.208376
1.66375,2.3063,0.425831
1.70041,2.35217,0.433801
0.0154637,0.0155845,0.0653878
0.857007,1.16966,0.250411
1.22516,1.71653,0.330463
1.75473,2.41919,0.445614
