Inputs,"f(x,y)","f*(x,y)"
0.6,0.777488,0.109312
1.95,2.65094,0.171108
0.05,0.051287,0.0590157
0.55,0.70254,0.107023
1.55,2.1606,0.152798
0.3,0.348542,0.0920181
0.35,0.415663,0.0956016
1.1,1.53493,0.132199
0.85,1.15896,0.120755
0.25,0.283768,0.0858763
0.65,0.853191,0.1116
1.5,2.09495,0.150509
