Inputs,"f(x,y)","f*(x,y)"
0.65,0.853191,-0.0379204
0.3,0.348542,0.0207973
0.8,1.08248,-0.0641136
1.9,2.59294,-0.256197
0.1,0.105261,0.0524703
0.75,1.0059,-0.0553825
0.85,1.15896,-0.0728446
0.05,0.051287,0.0586772
1.5,2.09495,-0.186348
0.0,0.0,0.0499008
0.25,0.283768,0.0287155
1.65,2.28896,-0.212542
