Inputs,"f(x,y)","f*(x,y)"
0.499634,0.628071,0.0180286
1.58376,2.20437,-0.0369736
0.251814,0.286075,0.0199453
0.342031,0.404818,0.0199511
0.487843,0.610817,0.0183717
1.40109,1.96214,-0.0254653
0.361384,0.431248,0.0200772
1.22084,1.71035,-0.0145827
0.00278835,0.00279224,0.0229841
0.816813,1.10822,0.00866447
0.930029,1.28077,0.00297482
0.643315,0.843035,0.0140985
