Altura Maxima,#Amostras,#Execucao,MSE (Melhor), ErroPercentual, Altura (Melhor),Tempo Execucao
34,4800,1,0.0320965946385,0.32859311952,34,6864.520963668823
34,4800,2,0.0297622220652,0.289584500495,33,8628.799248456955
34,4800,3,0.0342279791167,0.337242598096,34,5634.9409465789795
34,4800,4,0.0340666249372,0.332303228794,33,5184.717661380768
34,4800,5,0.0228893619967,0.252107134847,34,9157.676075220108
34,4800,6,0.0302307423982,0.304254403676,34,7150.270012140274
