Altura Maxima,#Amostras,#Execucao,MSE (Melhor), ErroPercentual, Altura (Melhor),Tempo Execucao
17,4800,1,14.9561941592,0.701245180749,17,11145.896221637726
17,4800,2,10677.3860362,6.12159733806,17,11303.207061052322
17,4800,3,138.502134373,1.63062534902,17,13298.303531169891
17,4800,4,7537.77602942,4.61702549067,17,11819.215628147125
17,4800,5,2.57122500803,0.568873624747,17,14303.326233386993
17,4800,6,0.0957612367608,0.359054647755,17,8465.248956918716
