Altura Maxima,#Amostras,#Execucao,MSE (Melhor), ErroPercentual, Altura (Melhor),Tempo Execucao
17,9600,1,0.0311687384945,0.322310347877,16,5993.433767080307
17,9600,2,0.0302207449403,0.293409204597,17,9291.805517911911
17,9600,3,0.0223083772062,0.248453921104,16,5953.161407709122
17,9600,4,0.0125367275977,0.174605087435,17,13115.771665096283
17,9600,5,0.0158888121745,0.219413547848,16,11125.010009288788
17,9600,6,0.0332509494192,0.332601306097,17,7562.791894674301
17,9600,7,0.0327408104012,0.330697101202,15,4677.513615608215
