Altura Maxima,#Amostras,#Execucao,MSE (Melhor), ErroPercentual, Altura (Melhor),Tempo Execucao
5,1120,1,0.000122761791839,0.0107979042076,5,710.5977520942688
5,1120,2,0.000123840526599,0.0106759101679,5,720.4474613666534
5,1120,3,0.000288388299043,0.00747460034552,5,743.0214335918427
5,1120,4,0.00142512444704,0.0701091965164,5,832.8828773498535
