Altura Maxima,#Amostras,#Execucao,MSE (Melhor), ErroPercentual, Altura (Melhor),Tempo Execucao
10,1400,1,1.054703439186526,1.7141661094866065,10,343.44720005989075
10,1400,2,1.0922640542095643,6.44750957089426,10,734.5197713375092
10,1400,3,1.1971223817052508,-0.31635857509814924,8,178.61706256866455
