Altura Maxima,#Amostras,#Execucao,MSE (Melhor), ErroPercentual, Altura (Melhor),Tempo Execucao
34,1200,1,0.370358954174,0.318677022648,34,9182.386585712433
34,1200,2,0.233056811996,0.419718973599,32,5461.357012271881
