Altura Maxima,#Amostras,#Execucao,MSE (Melhor), ErroPercentual, Altura (Melhor),Tempo Execucao
68,140,1,1.15238073047e-05,0.00639530950106,68,2548.307297229767
68,140,2,3.75860085846e-06,0.00332444972828,68,2552.293915748596
68,140,3,7.20735472812e-07,0.000994284692562,68,2881.6202557086945
68,140,4,1.17165671884e-07,0.000533003233751,61,1835.2274248600006
68,140,5,2.64546430584e-06,0.000413273585126,64,3745.325685739517
