Altura Maxima,#Amostras,#Execucao,MSE (Melhor), ErroPercentual, Altura (Melhor),Tempo Execucao
68,7000,1,nan,nan,68,90147.69509792328
68,7000,2,1.0663896507953343,4.213388639534521,1,767.9826328754425
68,7000,3,1.1355241695762404,-3.853654236264543,1,780.7632985115051
