Altura Maxima,#Amostras,#Execucao,MSE (Melhor), ErroPercentual, Altura (Melhor),Tempo Execucao
68,7000,1,1.160905968125224,0.053886930422576675,1,713.357901096344
68,7000,2,1.1162162336810177,-0.0018262810801153064,6,790.4559099674225
68,7000,3,1.1251434833088267,-0.09412256101924195,1,736.7503459453583
68,7000,4,1.1675058506588338,1.5251211771390067,2,762.3176054954529
68,7000,5,1.075441281746809,0.2631437375130765,3,823.0474090576172
68,7000,6,1.1151566948271263,0.8363552538403031,1,851.4246482849121
68,7000,7,1.144907212632144,1.302689722327484,1,721.9356014728546
68,7000,8,1.0934598600149938,1.150082073699073,1,744.799991607666
68,7000,9,1.0488234394371796,-0.3431154892942267,3,791.5167093276978
