Altura Maxima,#Amostras,#Execucao,MSE (Melhor), ErroPercentual, Altura (Melhor),Tempo Execucao
68,50,1,5.350478191337208,0.2684861707557717,64,1150.45347738266
68,50,2,0.0037379917011786724,0.010107337438056193,60,1005.0342280864716
68,50,3,0.011045991828350218,0.010126784144412787,55,578.6615579128265
