Altura Maxima,#Amostras,#Execucao,MSE (Melhor), ErroPercentual, Altura (Melhor),Tempo Execucao
68,3500,1,1.0981244002003578,-3.1224627187382334,1,363.41287541389465
68,3500,2,1.0670383894770876,1.954149276164124,1,356.34829092025757
