Altura Maxima,#Amostras,#Execucao,MSE (Melhor), ErroPercentual, Altura (Melhor),Tempo Execucao
17,560,1,2.05868357977e-07,0.000306656436314,16,1280.1462273597717
17,560,2,nan,inf,17,2569.9709162712097
17,560,3,8.5389667741e-07,inf,17,1224.8493506908417
17,560,4,1.17986647244e-05,0.00683478639217,16,1471.8797707557678
17,560,5,1.13565241599e-06,0.00128046856485,17,1238.4195084571838
17,560,6,nan,inf,17,1078.8183243274689
17,560,7,1.59881942751e-06,0.00172488080141,17,1667.950650215149
