Altura Maxima,#Amostras,#Execucao,MSE (Melhor), ErroPercentual, Altura (Melhor),Tempo Execucao
17,9600,1,0.0311687384945,0.322310347877,16,5993.433767080307
17,9600,2,0.0302207449403,0.293409204597,17,9291.805517911911
17,9600,3,0.0223083772062,0.248453921104,16,5953.161407709122
