Altura Maxima,#Amostras,#Execucao,MSE (Melhor), ErroPercentual, Altura (Melhor),Tempo Execucao
68,50,1,0.0049652063734571435,0.010891934402511861,62,2079.5748138427734
68,50,2,0.0049652063734571435,0.010891934402511861,62,2081.7551848888397
68,50,3,0.0049652063734571435,0.010891934402511861,62,2081.0763027668
