Altura Maxima,#Amostras,#Execucao,MSE (Melhor), ErroPercentual, Altura (Melhor),Tempo Execucao
34,1200,1,0.370358954174,0.318677022648,34,9182.386585712433
34,1200,2,0.233056811996,0.419718973599,32,5461.357012271881
34,1200,3,5.43071346848,0.856293870458,29,8039.922640800476
34,1200,4,0.108028405705,0.270502910647,34,8355.672888755798
34,1200,5,128.019969927,1.82199490679,34,12816.086073875427
