Altura Maxima,#Amostras,#Execucao,MSE (Melhor), ErroPercentual, Altura (Melhor),Tempo Execucao
17,2400,1,51.0193128505,1.51704822721,17,10256.420179605484
17,2400,2,9.4877174484,1.01977172921,17,10183.871026039124
17,2400,3,6.91103061081,0.913602625796,17,6525.209517717361
17,2400,4,4.27797450196,0.819883326002,17,5128.164880990982
17,2400,5,390.35678371,2.85433878238,17,12979.348667144775
17,2400,6,11.4840317583,0.616711287082,17,5996.283390522003
17,2400,7,0.0396645286752,0.383701040537,16,931.6488990783691
17,2400,8,12261.5905607,5.76742514626,16,6769.123964548111
17,2400,9,0.137207811677,0.310192665141,17,7600.735098600388
