Altura Maxima,#Amostras,#Execucao,MSE (Melhor), ErroPercentual, Altura (Melhor),Tempo Execucao
34,280,1,nan,inf,34,1914.7574026584625
34,280,2,0.000116472339201,0.0341628484689,32,2120.0747106075287
34,280,3,0.00780739078506,0.0565469018852,34,3198.653563261032
34,280,4,0.000137738971564,0.0289713746266,34,2370.892607688904
34,280,5,1.52801126817e-05,inf,34,1545.1346209049225
