Altura Maxima,#Amostras,#Execucao,MSE (Melhor), ErroPercentual, Altura (Melhor),Tempo Execucao
34,3500,1,1.1503339173161755,-8.141063455179587,1,407.41241455078125
34,3500,2,1.1314211786573232,0.4918517076050299,1,401.20554304122925
34,3500,3,1.0771345081672894,-0.5369908716115435,2,422.5013508796692
34,3500,4,1.0773476609785049,-0.8946469170563972,4,484.44837713241577
Altura Maxima,#Amostras,#Execucao,MSE (Melhor), ErroPercentual, Altura (Melhor),Tempo Execucao
34,3500,1,1.1408282540225534,-0.12196068878952773,1,500.7487075328827
34,3500,2,1.1025383496912988,3.3418082571474117,1,425.3702507019043
