Altura Maxima,#Amostras,#Execucao,MSE (Melhor), ErroPercentual, Altura (Melhor),Tempo Execucao
68,2400,1,14.9994665586,0.835340362013,63,24240.343839406967
68,2400,2,2.16871427223,0.621880550772,29,30352.183888435364
68,2400,3,30.4554686909,0.586594939495,68,39248.05332326889
68,2400,4,1.70528720736,0.434515762917,66,42177.90063738823
68,2400,5,41.4110977012,1.05528601522,46,32071.200613498688
68,2400,6,186.430865478,1.34952450126,64,37812.961039066315
