Altura Maxima,#Amostras,#Execucao,MSE (Melhor), ErroPercentual, Altura (Melhor),Tempo Execucao
68,9600,1,0.041485556991,0.344599181697,68,63378.0943377018
68,9600,2,0.012145092975,0.180830296387,65,85183.100420475
68,9600,3,0.0275376691627,0.28097872896,61,64899.47510075569
68,9600,4,0.0308121874801,0.318173257361,63,32233.39613056183
