Inputs,"f(x,y)","f*(x,y)"
1.14849,1.60591,1.60182
0.861206,1.17607,1.17848
1.36679,1.91519,1.91152
1.75229,2.41621,2.42417
1.00886,1.39958,1.39748
1.25597,1.76039,1.75431
1.75494,2.41945,2.42699
1.08845,1.51791,1.51552
0.335623,0.396136,0.398923
1.70784,2.36141,2.37691
0.337704,0.398952,0.402009
0.713624,0.950229,0.959578
1.72385,2.38124,2.39394
1.87092,2.55879,2.5503
1.48663,2.07722,2.08154
0.303356,0.352976,0.351063
0.686321,0.908516,0.919082
1.44397,2.0202,2.02102
