Inputs,"f(x,y)","f*(x,y)"
0.829875,1.1282,1.09618
0.600539,0.778301,0.793111
0.673384,0.888786,0.921665
1.14075,1.59464,1.58752
0.300385,0.349051,0.429573
0.954604,1.31795,1.29322
1.26255,1.76971,1.78008
1.97453,2.67907,2.68215
0.80042,1.08313,1.06721
1.94456,2.64468,2.64481
0.633893,0.828737,0.851966
1.89165,2.58317,2.57889
0.817252,1.10889,1.08377
1.97998,2.68529,2.68892
0.0461007,0.0471926,3.65632
1.05719,1.47165,1.45541
1.60823,2.23582,2.22578
0.202186,0.224208,1.67567
