Inputs,"f(x,y)","f*(x,y)"
1.71936,2.37567,2.38582
0.282952,0.326182,0.741839
1.89246,2.58411,2.60685
0.971275,1.34311,1.36245
0.79132,1.06919,1.1197
1.34064,1.87909,1.86775
0.168869,0.184155,0.182569
1.86664,2.55373,2.56183
0.400183,0.485149,0.520032
0.874674,1.19662,1.27412
1.88404,2.57423,2.58124
1.25915,1.76489,1.75626
1.3347,1.87084,1.85961
0.10326,0.108875,0.109533
1.23539,1.73113,1.72376
0.411006,0.500389,0.517169
1.77472,2.44357,2.45932
1.6931,2.34306,2.34989
