Inputs,"f(x,y)","f*(x,y)"
1.0766,1.50041,1.47986
1.61133,2.23978,2.21545
0.0873223,0.0913144,0.645145
1.10965,1.54911,1.52531
1.7385,2.39929,2.3904
1.15394,1.61385,1.58625
1.04256,1.4499,1.43304
0.533815,0.678484,0.630388
1.81161,2.48816,2.49097
1.18352,1.6567,1.62694
1.55074,2.16157,2.13211
0.0430101,0.043959,1.1396
0.197535,0.218544,0.509634
1.55046,2.16121,2.13173
0.107125,0.113177,0.517969
0.579716,0.746978,0.779923
0.473455,0.589864,0.484191
1.09121,1.52199,1.49996
