Inputs,"f(x,y)","f*(x,y)"
0.936804,1.29103,1.2923
1.30366,1.82757,1.82602
0.777883,1.04861,1.05096
0.606393,0.787131,0.787042
1.71073,2.36499,2.35352
1.89418,2.58613,2.64506
0.318545,0.373176,0.379031
0.102158,0.107653,0.0935118
1.89947,2.59232,2.66818
1.6845,2.33232,2.31784
1.39372,1.9521,1.95136
1.49486,2.08813,2.09209
1.53177,2.13679,2.14346
1.78094,2.45113,2.44842
0.675494,0.892002,0.893386
1.69329,2.3433,2.32747
0.589923,0.762314,0.761695
0.331849,0.391039,0.396805
