Inputs,"f(x,y)","f*(x,y)"
1.63649,2.27185,2.26636
1.50019,2.0952,2.09125
0.401518,0.487024,0.490176
0.474109,0.590814,0.586182
1.40807,1.97164,1.9729
0.20536,0.228086,0.233567
0.0813229,0.0847768,0.109998
0.552124,0.705705,0.704295
0.171519,0.187295,0.1893
0.864567,1.1812,1.58684
1.21922,1.70803,1.71128
1.73742,2.39796,2.39602
1.98787,2.69428,2.67944
0.193474,0.213617,0.218019
1.00742,1.39741,1.4036
0.99242,1.37492,1.42283
1.72584,2.38369,2.38115
1.65606,2.2966,2.29149
