Inputs,"f(x,y)","f*(x,y)"
0.441156,0.543273,0.468011
1.11662,1.55935,1.54969
0.355195,0.422761,0.378346
1.9467,2.64714,2.64174
1.68265,2.33001,2.33083
1.96875,2.67247,2.66291
1.71976,2.37618,2.37961
1.09211,1.5233,1.51583
1.77438,2.44316,2.45973
1.41021,1.97455,1.97285
0.204272,0.226755,0.220922
0.263241,0.300681,0.282431
1.70902,2.36286,2.36548
1.5186,2.11948,2.11527
0.492046,0.61696,0.521094
0.470817,0.586036,0.49895
1.49986,2.09477,2.09065
0.853481,1.16428,1.16896
