Inputs,"f(x,y)","f*(x,y)"
1.05191,1.4638,1.33362
0.458908,0.568802,0.570593
0.972666,1.3452,1.31609
1.7397,2.40077,2.37932
1.84191,2.5244,2.54051
1.53976,2.14723,2.11902
0.850941,1.1604,1.30326
1.76229,2.42843,2.41493
0.325497,0.38249,0.365237
1.25722,1.76216,1.79843
1.17185,1.63983,1.59494
0.993906,1.37715,1.32079
1.6292,2.26258,2.20503
0.761692,1.02381,1.06601
0.650132,0.853392,0.848183
0.310809,0.362861,0.314115
1.86836,2.55576,2.58222
0.613523,0.7979,0.79504
