Inputs,"f(x,y)","f*(x,y)"
0.427162,0.523291,-5.93247
1.45233,2.03142,1.95722
0.172538,0.188506,0.225854
1.1788,1.64988,1.64779
0.964337,1.33265,1.33518
1.81048,2.4868,2.48399
1.36855,1.91761,1.9244
1.83314,2.51395,2.51163
1.15855,1.62054,1.61827
1.55131,2.16231,2.16741
1.09101,1.52169,1.51982
1.60926,2.23714,2.23819
0.614918,0.800008,0.801988
0.809993,1.09778,1.11019
0.860194,1.17453,1.18337
0.353562,0.420528,0.35916
1.83573,2.51704,2.51481
0.869504,1.18873,1.19693
