Inputs,"f(x,y)","f*(x,y)"
0.957241,1.32194,1.3503
1.31924,1.84934,1.80827
1.44103,2.01623,2.02969
0.0730144,0.0757888,0.317306
0.167853,0.182952,0.317306
0.743993,0.996705,0.62852
1.55125,2.16223,2.16476
0.67951,0.898125,0.546589
0.852751,1.16316,1.1059
1.11924,1.56319,1.53781
1.10394,1.54072,1.52474
1.31052,1.83717,1.78927
1.14145,1.59565,1.55679
1.35901,1.90447,1.89497
0.0545362,0.0560709,0.317306
1.12819,1.57629,1.54546
0.954742,1.31816,1.33677
1.86442,2.5511,2.54852
