Inputs,"f(x,y)","f*(x,y)"
0.905354,1.24332,1.21174
0.891035,1.22154,1.17754
1.75049,2.41399,2.42465
0.62703,0.818335,0.835258
1.69298,2.34292,2.35092
0.0189074,0.0190883,-3.5933
1.33582,1.8724,1.89299
1.62667,2.25936,2.2659
1.30551,1.83017,1.85413
0.927784,1.27737,1.26531
0.85553,1.16741,1.09274
1.93032,2.62821,2.65522
0.411832,0.501555,0.524599
0.173515,0.189667,0.201784
1.66763,2.31118,2.31843
1.3138,1.84175,1.86475
1.16986,1.63695,1.54847
1.5916,2.21447,2.22094
