Inputs,"f(x,y)","f*(x,y)"
0.0332625,0.033827,0.0396407
1.39772,1.95755,1.95235
1.82343,2.50234,2.50838
0.912339,1.25393,1.25579
0.944514,1.3027,1.30495
1.36368,1.91091,1.90788
1.01245,1.40495,1.40873
1.13394,1.5847,1.59435
0.589066,0.761026,0.761892
0.649686,0.852714,0.854509
0.882846,1.20907,1.21073
0.0999776,0.105236,0.0912259
0.877171,1.20042,1.20206
1.66148,2.30344,2.29686
1.01497,1.40872,1.41258
0.831049,1.13,1.13159
1.9003,2.59329,2.60879
0.105646,0.111529,0.0986002
