Inputs,"f(x,y)","f*(x,y)"
0.334092,0.394067,0.394041
0.753704,1.01158,1.01111
1.9138,2.60904,2.3406
1.73629,2.39656,2.3406
0.200965,0.222719,0.208043
0.209239,0.232841,0.213023
1.0776,1.50189,1.50153
0.739402,0.989675,0.990076
1.47005,2.05514,2.3406
1.11801,1.56138,1.56292
0.0550389,0.0566024,0.216909
1.59148,2.21432,2.3406
1.11947,1.56352,1.56513
1.75275,2.41677,2.3406
1.68641,2.33472,2.3406
0.253461,0.288172,0.275468
1.92115,2.61758,2.3406
1.12096,1.56571,1.5674
