Inputs,"f(x,y)","f*(x,y)"
0.203185,0.225427,0.223029
1.59309,2.21639,2.2376
1.89173,2.58326,2.57364
1.17573,1.64544,1.73512
1.50092,2.09617,2.09196
0.662109,0.87161,0.874467
1.7489,2.41205,2.49548
1.47984,2.06819,2.05771
0.720799,0.961204,0.885985
1.93337,2.63175,2.60917
1.69729,2.34828,2.48346
1.96001,2.66244,2.63193
0.86297,1.17876,1.24305
1.8648,2.55156,2.55066
0.939766,1.29552,1.27148
0.400273,0.485276,0.490369
1.82674,2.5063,2.51815
1.90558,2.59946,2.58548
