Inputs,"f(x,y)","f*(x,y)"
1.377,1.92921,1.92233
0.109281,0.115584,0.10535
1.4262,1.99622,1.9874
1.39923,1.95961,1.95174
1.58969,2.21202,2.20366
0.0375832,0.0383057,0.215492
0.926752,1.2758,1.27449
0.969222,1.34001,1.34121
1.28007,1.79445,1.79412
1.82911,2.50913,2.50813
1.77152,2.43968,2.43941
0.766615,1.03135,1.02039
1.9522,2.65348,2.65502
0.831967,1.1314,1.12409
1.04655,1.45584,1.45699
0.463933,0.576063,0.554847
0.739141,0.989276,0.987411
1.42139,1.98972,1.98105
