Altura Maxima,#Amostras,#Execucao,MSE (Melhor),Altura (Melhor),Tempo Execucao
90,25,1,0.010513323427,83,64.7582578659
90,25,2,0.0303240449817,80,127.846466064
90,25,3,0.00962053320762,74,68.4472680092
90,25,4,0.00579141016863,72,75.3239281178
90,25,5,0.00170075555366,27,69.1063699722
90,25,6,0.0113558878489,80,95.7276809216
90,25,7,0.00179721573452,26,70.5183868408
90,25,8,0.00274803555886,76,73.8315420151
90,25,9,0.0472676169011,48,90.2726209164
90,25,10,0.0037449542586,30,71.3941988945
