Altura Maxima,#Amostras,#Execucao,MSE (Melhor), ErroPercentual, Altura (Melhor),Tempo Execucao
17,140,1,120.975559706,0.0401620857906,16,608.2073254585266
17,140,2,0.00363627264179,0.00578868625917,17,344.60602831840515
