Altura Maxima,#Amostras,#Execucao,MSE (Melhor),Altura (Melhor),Tempo Execucao
90,1000,1,1.1231127130441765,1,44.80323672294617
90,1000,2,1.1282087840737376,2,45.25797986984253
90,1000,3,1.1008746753091818,1,45.757471323013306
90,1000,4,1.10928125406562,1,47.11862564086914
90,1000,5,1.1305539723939735,2,48.139243602752686
