   	         	                      fitness                      	              size              
   	         	---------------------------------------------------	--------------------------------
gen	time     	avg        	max        	min    	std        	avg    	max	min	std     
0  	0.0113029	15320.3    	16219.2    	14628  	578.055    	1.5    	3  	1  	0.763763
1  	0.0129976	14749.1    	15361.5    	14014.5	375.738    	1.57143	3  	1  	0.903508
2  	0.0189202	13912.5    	14870.5    	8661.36	1986.33    	1      	1  	1  	0       
3  	0.0156231	13437      	15600.1    	8661.36	2569.91    	1.11111	2  	1  	0.31427 
4  	0.0225849	11890.1    	15615.4    	8661.36	3241.84    	1.2    	3  	1  	0.6     
5  	0.0196207	1.63014e+06	1.78042e+07	8661.36	5.11469e+06	1.18182	3  	1  	0.57496 
6  	0.0236859	9.80513e+12	1.17662e+14	8661.36	3.25199e+13	1.33333	3  	1  	0.62361 
7  	0.0300355	25891.3    	162577     	8661.36	39867.3    	1.15385	3  	1  	0.532939
8  	0.0443516	12422.6    	40982.1    	8661.36	8385.64    	1.07143	2  	1  	0.257539
9  	0.0323305	13591.4    	15610      	8661.36	2973.54    	1.13333	2  	1  	0.339935
10 	0.0300376	543424     	8.51679e+06	8661.36	2.05872e+06	1.25   	3  	1  	0.559017
11 	0.0330842	1.05913e+06	1.77991e+07	8661.36	4.18499e+06	1.29412	3  	1  	0.665512
12 	0.0349376	12783.4    	15610      	8661.36	3289.09    	1.11111	3  	1  	0.458123
13 	0.0377641	947493     	1.77991e+07	8661.36	3.97196e+06	1.15789	3  	1  	0.488085
14 	0.0384872	13584      	19266.4    	8661.36	3328.51    	1.15   	3  	1  	0.47697 
15 	0.0413618	1.1425e+07 	2.39651e+08	8661.36	5.10329e+07	1.14286	3  	1  	0.466569
16 	0.0422895	13422.7    	15609.7    	5017.53	3364.55    	1.04545	2  	1  	0.208299
17 	0.0490291	1.46137e+06	2.16018e+07	5017.53	4.91315e+06	1.3913 	3  	1  	0.641949
18 	0.0487893	1.09051e+06	2.16018e+07	5017.53	4.36107e+06	1.29167	3  	1  	0.538452
19 	0.0552237	9.58876e+06	2.39405e+08	5017.53	4.69111e+07	1.68   	3  	1  	0.614492