Altura Maxima,#Amostras,#Execucao,MSE (Melhor),Altura (Melhor),Tempo Execucao
90,1000,1,1.125926258648776,1,43.59504795074463
90,1000,2,1.1186228785203969,1,43.20936584472656
90,1000,3,1.111847334208219,1,43.25925135612488
90,1000,4,1.1695554140195255,1,43.59329152107239
90,1000,5,1.0956184498262103,2,44.44270133972168
