Altura Maxima,#Amostras,#Execucao,MSE (Melhor), ErroPercentual, Altura (Melhor),Tempo Execucao
34,350,1,0.000962536711703,0.0381559091818,34,3021.0283892154694
34,350,2,0.00290091322686,0.0918595790724,34,3981.9611377716064
34,350,3,0.000136661480464,0.0154100718382,31,2951.882929086685
