Altura Maxima,#Amostras,#Execucao,MSE (Melhor), ErroPercentual, Altura (Melhor),Tempo Execucao
10,350,1,0.0109248831177,-0.0438681961814,10,591.9241297245026
10,350,2,0.00741177338903,0.701899522343,10,953.4443368911743
10,350,3,0.0092242834052,0.0438007607583,10,846.1121971607208
10,350,4,0.018463684477,0.397338455327,10,676.4133718013763
