Altura Maxima,#Amostras,#Execucao,MSE (Melhor), ErroPercentual, Altura (Melhor),Tempo Execucao
17,350,1,0.507902048036,0.999997505127,17,1586.757779598236
17,350,2,0.998771647897,1.08010849185,17,1379.9655215740204
17,350,3,0.514173334048,1.0000008203,17,1854.4140310287476
17,350,4,0.462928158078,1.28253187836,17,1457.4259893894196
