Altura Maxima,#Amostras,#Execucao,MSE (Melhor), ErroPercentual, Altura (Melhor),Tempo Execucao
17,350,1,0.0576825248677,0.361723943544,17,1741.437260389328
17,350,2,0.00483549036762,-0.100519100796,17,1303.594190120697
17,350,3,0.0370711872971,-0.27354423938,16,1119.9674980640411
17,350,4,0.0078716941742,-0.0664969446442,17,1863.8508903980255
17,350,5,0.000919541881733,-6.97921587361e-05,17,1596.728281736374
17,350,6,0.00122814035257,-0.0418009571395,17,1160.5370914936066
17,350,7,0.00282262631811,-0.517950265202,17,1223.8351511955261
