Altura Maxima,#Amostras,#Execucao,MSE (Melhor), ErroPercentual, Altura (Melhor),Tempo Execucao
10,350,1,nan,nan,10,608.5183999538422
10,350,2,0.231029003369,8.00014136021e+12,10,362.9266653060913
10,350,3,nan,nan,10,644.2215287685394
10,350,4,0.271023895143,1.48566062806e+12,10,327.9597454071045
10,350,5,nan,nan,10,430.66665983200073
10,350,6,nan,nan,10,625.862889289856
10,350,7,0.0190429839572,0.244911228525,10,550.2262825965881
