Altura Maxima,#Amostras,#Execucao,MSE (Melhor), ErroPercentual, Altura (Melhor),Tempo Execucao
10,350,1,0.47528450396904454,1.0,1,141.2912302017212
10,350,2,0.4862358151333696,1.0,2,154.4474287033081
10,350,3,nan,nan,10,837.6416411399841
10,350,4,0.328408810492,nan,10,915.3788225650787
10,350,5,0.48765339543934005,1.0,3,139.87828397750854
10,350,6,nan,nan,10,745.2906637191772
