Altura Maxima,#Amostras,#Execucao,MSE (Melhor), ErroPercentual, Altura (Melhor),Tempo Execucao
10,350,1,0.573336547221,0.0335013706228,10,643.3351113796234
10,350,2,14.2677335302,17.8912519657,10,788.2021014690399
10,350,3,0.467488091254,-0.00525883103023,10,1389.827665567398
10,350,4,0.5115398309066044,-0.12,3,140.38200330734253
