Altura Maxima,#Amostras,#Execucao,MSE (Melhor), ErroPercentual, Altura (Melhor),Tempo Execucao
17,350,1,0.390461736766,-0.179627391905,16,1890.9731938838959
17,350,2,0.4949641095643544,-0.09333333333333334,1,152.85545325279236
17,350,3,0.493636766105,-0.139605190207,17,1885.3820488452911
17,350,4,0.380139054943,-0.434537455492,17,1747.0046799182892
