Altura Maxima,#Amostras,#Execucao,MSE (Melhor), ErroPercentual, Altura (Melhor),Tempo Execucao
5,350,1,0.0231420234771,1.29706707499e+12,5,336.5023105144501
5,350,2,nan,nan,5,343.86216950416565
5,350,3,0.179414390789,-7.87134882316e+12,5,419.56975960731506
5,350,4,0.312508028428,0.24990407682,5,299.1906154155731
5,350,5,0.241288358371,0.262384648658,5,356.8808825016022
5,350,6,0.0373497694775,0.109107300084,5,395.8259828090668
