Altura Maxima,#Amostras,#Execucao,MSE (Melhor), ErroPercentual, Altura (Melhor),Tempo Execucao
10,350,1,0.978289939832,0.178508052461,10,694.4372773170471
10,350,2,0.479222245428,0.0266666666688,10,515.5060477256775
10,350,3,0.514178884386,-0.066668301042,10,884.4924185276031
10,350,4,0.52045247717,-0.0136510617539,10,1406.6992301940918
