Altura Maxima,#Amostras,#Execucao,MSE (Melhor), ErroPercentual, Altura (Melhor),Tempo Execucao
34,350,1,0.0189729577041,0.142662917964,34,2365.5052819252014
34,350,2,0.011041869696,-3.99159607314,33,2233.609915971756
34,350,3,6.61473046039e-05,0.0043373781526,34,4556.06809258461
