Altura Maxima,#Amostras,#Execucao,MSE (Melhor), ErroPercentual, Altura (Melhor),Tempo Execucao
10,350,1,nan,nan,10,1354.3157198429108
10,350,2,inf,inf,10,1371.213413476944
10,350,3,1.77975553359e+30,5.95782192747e+25,10,1144.377811908722
10,350,4,1.78438053989e+30,inf,10,1309.891818523407
