Altura Maxima,#Amostras,#Execucao,MSE (Melhor),Altura (Melhor),Tempo Execucao
90,1000,1,1.0367848167087523,1,43.35200881958008
90,1000,2,1.1096654601268685,2,44.91688895225525
