Altura Maxima,#Amostras,#Execucao,MSE (Melhor),Altura (Melhor),Tempo Execucao
5,250,1,0.0162703153785,5,50.8574237823
5,250,2,0.0145731010873,5,49.7793540955
5,250,3,0.113373052333,5,49.6680209637
5,250,4,0.0219877799576,5,54.7358300686
5,250,5,0.0143885926023,5,50.3008499146
5,250,6,0.0132674547515,4,49.5789530277
5,250,7,0.0131364837224,4,49.5370268822
5,250,8,0.107797148963,5,50.9464259148
5,250,9,0.0234647546477,5,52.0204799175
5,250,10,0.0138897853613,5,52.636469841
