Altura Maxima,#Amostras,#Execucao,MSE (Melhor),Altura (Melhor),Tempo Execucao
90,125,1,0.0235281955455,57,230.118368149
90,125,2,0.0040971624363,42,182.864841938
90,125,3,0.0346522064768,50,199.758275986
90,125,4,0.0110989261508,56,227.080551147
90,125,5,0.0176637874112,14,136.772089005
90,125,6,0.0053274630827,25,122.59397006
90,125,7,0.00447865061509,36,150.273149967
90,125,8,0.038432914181,57,128.414511919
90,125,9,0.0155265890187,76,241.157646894
90,125,10,0.0118443095174,63,147.848850965
