Altura Maxima,#Amostras,#Execucao,MSE (Melhor),Altura (Melhor),Tempo Execucao
90,75,1,0.0106944486686,32,83.25466609
90,75,2,0.0243574056374,65,101.559998989
90,75,3,0.00453614678846,31,116.878031015
90,75,4,0.0177521274252,54,127.391024113
90,75,5,0.00951840115793,68,134.240974903
90,75,6,0.00765900143514,87,191.728163958
90,75,7,0.0291845732572,40,120.432837009
90,75,8,0.0283005783703,89,186.293467999
90,75,9,0.0069971895232,85,161.918201923
90,75,10,0.00244216740166,30,163.657367945
