Altura Maxima,#Amostras,#Execucao,MSE (Melhor),Altura (Melhor),Tempo Execucao
5,50,1,0.0105000309275,5,17.7037241459
5,50,2,0.0230600636636,5,17.9011459351
5,50,3,0.153243666233,5,16.6883990765
5,50,4,0.0444373626561,5,17.9621250629
5,50,5,0.0861180326861,4,17.4667420387
5,50,6,0.0137864220553,4,18.0549337864
5,50,7,0.0152312619173,5,18.2038879395
5,50,8,0.0207531898751,4,18.3939518929
5,50,9,0.0122279491204,5,17.7208039761
5,50,10,0.0630369469566,5,18.1154069901
