Altura Maxima,#Amostras,#Execucao,MSE (Melhor),Altura (Melhor),Tempo Execucao
10,25,1,0.002674669872,10,16.7156438828
10,25,2,0.0031179406868,10,18.0901889801
10,25,3,0.0104788382152,10,14.6876490116
10,25,4,0.00272521659495,10,18.6303551197
10,25,5,0.00185627254467,8,16.6743957996
10,25,6,0.00107303383702,10,18.2904820442
10,25,7,0.00268095871053,10,18.3730590343
10,25,8,0.00256690711048,10,16.9561390877
10,25,9,0.00323678384785,9,17.9930341244
10,25,10,0.00959736501154,10,16.7625219822
