Altura Maxima,#Amostras,#Execucao,MSE (Melhor),Altura (Melhor),Tempo Execucao
68,75,1,0.0113137474735,33,84.9419858456
68,75,2,0.0153107701685,59,103.512130976
68,75,3,0.00833177643225,45,190.136857033
68,75,4,0.0135554106713,43,89.5211019516
68,75,5,0.024493935505,12,138.213686943
68,75,6,0.0304877471344,65,119.877408981
68,75,7,0.00746279652558,39,111.484830856
68,75,8,0.00768509904568,35,92.7314071655
68,75,9,0.00823425519794,58,124.187555075
68,75,10,0.00221653637605,60,119.271553993
