Altura Maxima,#Amostras,#Execucao,MSE (Melhor),Altura (Melhor),Tempo Execucao
17,75,1,0.0059182217025,15,42.105214119
17,75,2,0.00513974313679,14,36.6170310974
17,75,3,0.010539506861,17,37.1964819431
17,75,4,0.0343213381674,16,36.2281842232
17,75,5,0.0122974478409,16,48.0399131775
17,75,6,0.0441275525426,10,43.241549015
17,75,7,0.00356099667736,16,44.2783930302
17,75,8,0.00942058131455,17,40.1274390221
17,75,9,0.00609583239712,17,35.5458841324
17,75,10,0.00327287337001,16,35.7828199863
