Altura Maxima,#Amostras,#Execucao,MSE (Melhor),Altura (Melhor),Tempo Execucao
90,50,1,0.00982278903235,86,202.304974079
90,50,2,0.0114279358497,56,127.275214911
90,50,3,0.0533614740406,76,119.650292873
90,50,4,0.0097146144885,71,106.085783005
90,50,5,0.00711187131645,39,103.787904024
90,50,6,0.0307060269925,37,121.939978123
90,50,7,0.0114076470085,26,102.024755001
90,50,8,0.0542952032868,84,103.65053606
90,50,9,0.0153388673648,70,101.538028002
90,50,10,0.026743387543,57,92.6106960773
