Inputs,"f(x,y)","f*(x,y)"
[-2.20000005  3.        ],1.94686,1.42447
[-5.          4.19999981],1.9952,1.65224
[-3.79999995 -3.4000001 ],1.9878,1.93543
[-3.4000001  0.2      ],0.99417,1.44086
[ 3.4000001   1.79999995],1.9056,1.58061
[-0.2        4.5999999],0.999369,1.43247
[ 0.60000002 -1.39999998],0.908188,1.30085
[ 2.20000005  1.39999998],1.75252,1.28342
