Inputs,"f(x,y)","f*(x,y)"
[-2.20000005 -3.        ],1.94686,1.6966
[ 2.5999999 -0.2      ],0.980183,1.2016
[-3.          4.19999981],1.9846,1.87578
[ 0.2         2.20000005],0.960657,1.49186
[-1.79999995  1.39999998],1.70648,1.83463
[-3.79999995 -2.5999999 ],1.97381,1.7117
[ 4.19999981 -1.79999995],1.90982,1.41229
[-4.19999981  3.79999995],1.99202,1.87049
