Inputs,"f(x,y)","f*(x,y)"
1.25,1.75191,1.79792
0.75,1.0059,0.989418
0.7,0.929404,0.908994
0.05,0.051287,0.0923762
0.0,0.0,0.0497604
1.1,1.53493,1.56594
1.15,1.60811,1.64525
0.4,0.484892,0.471838
0.15,0.162013,0.185926
1.55,2.1606,2.19314
0.1,0.105261,0.13773
1.5,2.09495,2.1345
