Inputs,"f(x,y)","f*(x,y)"
0.921456,1.26777,1.58529
0.273412,0.313792,1.58529
0.94811,1.30814,1.58529
1.86567,2.55259,1.58529
1.18296,1.6559,1.58529
1.4993,2.09402,1.58529
0.0961328,0.100987,1.58529
0.310947,0.363044,1.58529
1.05717,1.47162,1.58529
1.90227,2.59559,1.58529
0.82868,1.12637,1.58529
0.421073,0.514638,1.58529
