Inputs,"f(x,y)","f*(x,y)"
1.17774,1.64836,1.66601
1.9039,2.5975,2.55889
0.978243,1.3536,1.38188
0.692176,0.917454,0.957149
1.87987,2.56933,2.5335
0.820153,1.11333,1.14899
0.783873,1.05779,1.09484
0.593568,0.767799,0.808195
1.08805,1.51732,1.53985
1.16953,1.63647,1.65457
0.751933,1.00886,1.047
1.55513,2.16728,2.16142
