Inputs,"f(x,y)","f*(x,y)"
[ 1.39999998  3.        ],1.78126,1.38957
[-4.19999981 -1.        ],1.4968,1.67194
[-2.20000005  4.19999981],1.95586,1.39272
[ 0.2         3.79999995],0.996825,1.38404
[-0.60000002 -0.2       ],0.116328,1.55373
[ 0.60000002  4.5999999 ],1.1125,1.37359
[ 3. -3.],1.97561,1.74603
[ 4.19999981 -3.4000001 ],1.98937,1.75794
