Inputs,"f(x,y)","f*(x,y)"
[-3.12267566 -1.82418501],1.90676,1.50781
[-1.89474571  2.01852703],1.87118,1.50784
[-1.30092311  3.32971072],1.73315,1.50784
[-1.88593781 -1.89259887],1.85444,1.50782
[-0.62547928  4.82181644],1.13089,1.50782
[ 2.45228457 -0.49950078],1.0317,1.50778
[-1.91100276  1.6954006 ],1.82228,1.50784
[ 1.13608921 -4.65471792],1.62277,1.5078
