Inputs,"f(x,y)","f*(x,y)"
[ 3.29253721 -1.1219486 ],1.60464,1.51468
[-0.93374425 -2.84553838],1.41685,1.51467
[ 1.89890003 -0.0664672 ],0.928601,1.51468
[-4.695508    4.98647356],1.99633,1.51465
[ 1.07325721  1.98935282],1.51021,1.51468
[ 2.7497673   3.36752033],1.97509,1.51468
[-3.57672501  3.41514707],1.98663,1.51466
[ 2.7082212  -0.58225131],1.08483,1.51468
