Inputs,"f(x,y)","f*(x,y)"
[ 3.4000001 -3.       ],1.98038,1.63158
[ 3.79999995  2.20000005],1.95429,1.63941
[ 0.2         4.19999981],0.998394,1.64356
[-5.        -2.5999999],1.97699,1.63635
[ 4.19999981  0.60000002],1.11153,1.63719
[-2.20000005 -0.60000002],1.07379,1.63774
[-0.2        4.5999999],0.999369,1.64397
[-4.5999999 -0.2      ],0.999369,1.6389
