Inputs,"f(x,y)","f*(x,y)"
[ 4.63929367  4.13004494],1.99442,1.9557
[-1.23859417  2.66516805],1.68237,1.71995
[-2.61696482  0.00545522],0.979124,1.20495
[-3.29292846 -1.96288657],1.92846,1.72063
[ 3.13603902 -2.05944824],1.9371,1.72097
[-3.35049772  1.67664111],1.8798,1.18938
[-1.00424588  0.68672293],0.686171,1.28183
[-4.06813812 -0.09532885],0.996445,1.08656
