Inputs,"f(x,y)","f*(x,y)"
0.246545,0.279385,1.33568
1.79943,2.4735,1.33568
0.24362,0.275683,1.33568
0.63634,0.832448,1.33568
0.952505,1.31478,1.33568
0.387433,0.467308,1.33568
0.368713,0.441339,1.33568
0.522617,0.661907,1.33568
0.24328,0.275253,1.33568
0.242425,0.274172,1.33568
0.045674,0.0467456,1.33568
1.43077,2.00239,1.33568
