Inputs,"f(x,y)","f*(x,y)"
[ 4.90636158 -1.1510098 ],1.63532,1.57609
[-4.07571268  4.5838232 ],1.99413,1.57611
[-0.89432234  2.97588992],1.37754,1.5761
[-0.70674467  2.83010173],1.18432,1.5761
[-0.87582111 -2.73980427],1.35299,1.57609
[-1.59676421  2.17789149],1.82412,1.5761
[ 2.95728397  2.16878867],1.94385,1.5761
[ 4.86322117  3.83395433],1.99361,1.5761
