Inputs,"f(x,y)","f*(x,y)"
[-0.15110892  0.60578287],0.119207,1.62701
[ 2.66381073  3.66392159],1.97501,1.57619
[ 3.63157725  4.0445652 ],1.99056,1.57015
[-4.21996927  2.29160213],1.96186,1.68721
[-0.14740747 -3.25861621],0.991681,1.65293
[ 4.396873   -0.23311384],1.00028,1.56063
[ 2.55430889 -1.77097666],1.88477,1.58599
[ 3.63379908  4.35323   ],1.99152,1.56917
