Inputs,"f(x,y)","f*(x,y)"
[-4.5999999  -1.39999998],1.79123,1.49284
[ 4.5999999   0.60000002],1.1125,1.60502
[ 3.79999995  1.79999995],1.90825,1.60168
[-2.20000005 -2.5999999 ],1.93764,1.50705
[-3.        -4.5999999],1.98558,1.50257
[-1.39999998 -3.4000001 ],1.78603,1.52326
[-0.60000002 -0.60000002],0.229462,1.52681
[ 2.20000005  2.5999999 ],1.93764,1.58337
