Inputs,"f(x,y)","f*(x,y)"
[ 1.79999995 -3.        ],1.90083,1.46922
[ 1.         -3.79999995],1.49523,1.4689
[-1.39999998 -2.20000005],1.75252,1.47088
[-1.79999995  2.5999999 ],1.89161,1.47634
[-3.79999995 -3.4000001 ],1.9878,1.47073
[ 1.39999998  4.19999981],1.79025,1.47637
[-1.          1.39999998],1.29346,1.47504
[-2.5999999  -1.39999998],1.77204,1.47227
