Inputs,"f(x,y)","f*(x,y)"
0.274565,0.315285,0.31862
1.47241,2.05829,2.0759
1.62959,2.26308,2.25853
1.73755,2.39811,2.37375
0.898456,1.23283,1.27848
0.697503,0.92559,0.968174
0.00517981,0.00519327,-0.0630492
1.39892,1.95918,1.98459
1.58782,2.2096,2.2117
1.53982,2.14732,2.15636
1.60489,2.23154,2.23099
0.0665789,0.0688791,0.0205906
