Inputs,"f(x,y)","f*(x,y)"
[ 0.09695802  1.9550097 ],0.936019,1.26701
[-0.95366025 -1.81411445],1.36817,1.26615
[-3.40616369 -0.24812771],0.996402,1.26643
[-4.69450617 -3.47429323],1.99113,1.26583
[ 0.2056049  -4.05691433],0.998106,1.26589
[-2.8094461  -0.22241123],0.986643,1.26646
[ 0.73322713  3.7365706 ],1.21912,1.26725
[ 3.49972081 -3.77694082],1.98849,1.26618
