Inputs,"f(x,y)","f*(x,y)"
0.05,0.051287,1.38198
1.9,2.59294,1.38363
0.7,0.929404,1.38261
0.45,0.555966,1.38237
1.55,2.1606,1.38336
0.1,0.105261,1.38203
1.6,2.22527,1.3834
1.3,1.82245,1.38315
0.8,1.08248,1.3827
1.8,2.47418,1.38355
0.15,0.162013,1.38208
0.3,0.348542,1.38223
