Inputs,"f(x,y)","f*(x,y)"
[-3.          1.39999998],1.78126,1.53577
[ 3.79999995 -3.4000001 ],1.9878,1.53577
[ 0.60000002  0.2       ],0.116328,1.53577
[-3.79999995  4.19999981],1.99202,1.53577
[ 4.5999999   0.60000002],1.1125,1.53577
[-2.20000005 -3.79999995],1.95429,1.53577
[-4.19999981 -1.79999995],1.90982,1.53577
[ 2.5999999  2.5999999],1.95717,1.53577
