Inputs,"f(x,y)","f*(x,y)"
0.1,0.105261,0.137004
0.45,0.555966,0.535464
0.8,1.08248,1.06658
1.15,1.60811,1.63786
1.0,1.38629,1.39715
1.25,1.75191,1.78913
1.65,2.28896,2.2849
1.9,2.59294,2.50213
1.95,2.65094,2.53813
0.65,0.853191,0.826453
1.2,1.68046,1.71462
0.0,0.0,0.0492349
