Inputs,"f(x,y)","f*(x,y)"
[ 3.79999995 -2.5999999 ],1.97381,1.37957
[-2.20000005 -2.20000005],1.91812,1.37901
[-3.79999995 -3.4000001 ],1.9878,1.37889
[ 3.          1.39999998],1.78126,1.38012
[-3.4000001  -4.19999981],1.98937,1.3789
[-5.         -1.79999995],1.91143,1.37885
[ 4.5999999   3.79999995],1.993,1.38028
[-1.79999995 -4.5999999 ],1.9108,1.37894
