Inputs,"f(x,y)","f*(x,y)"
1.95,2.65094,1.24567
0.35,0.415663,1.24568
1.1,1.53493,1.24567
0.2,0.221542,1.24568
1.85,2.53402,1.24567
0.7,0.929404,1.24567
0.5,0.628609,1.24568
1.6,2.22527,1.24567
0.75,1.0059,1.24567
1.55,2.1606,1.24567
1.25,1.75191,1.24567
1.65,2.28896,1.24567
