Inputs,"f(x,y)","f*(x,y)"
0.114052,0.120928,1.32572
1.57018,2.18682,1.32664
1.29828,1.82004,1.32648
0.928063,1.27779,1.32625
0.456993,0.566038,1.32595
0.524334,0.664447,1.32599
0.830921,1.1298,1.32619
0.642959,0.842494,1.32607
1.26966,1.77977,1.32646
0.312337,0.364894,1.32585
1.47535,2.06221,1.32659
0.517604,0.654506,1.32599
