Inputs,"f(x,y)","f*(x,y)"
0.263733,0.301313,0.303647
1.13952,1.59283,1.61903
0.334331,0.39439,0.37577
1.24852,1.74981,1.79838
0.830494,1.12915,1.081
1.03713,1.44181,1.44219
0.277081,0.318547,0.316747
1.51024,2.10847,2.16796
0.57937,0.746459,0.682673
1.11689,1.55975,1.58049
0.346869,0.411395,0.389323
1.87789,2.567,2.5217
