Inputs,"f(x,y)","f*(x,y)"
1.39602,1.95523,2.04485
0.420782,0.514225,0.480805
0.869161,1.18821,1.14236
0.795875,1.07617,1.01455
1.47266,2.05862,2.1488
1.53199,2.13707,2.22247
0.224642,0.25188,0.293389
0.353376,0.420274,0.409718
1.64831,2.28681,2.35011
0.448593,0.553943,0.512315
1.61514,2.24466,2.31592
1.95443,2.65603,2.59411
