Inputs,"f(x,y)","f*(x,y)"
[ 3.17564273  3.88015223],1.98587,1.60875
[-4.22408009 -3.66273785],1.99134,1.60171
[-4.09303331 -0.47062418],1.04321,1.4848
[-0.99948353  3.8277123 ],1.49485,1.44992
[ 1.92617142 -1.69831455],1.82497,1.75962
[ 1.81094146  4.41508913],1.91231,1.53131
[-2.0541048  -2.85279107],1.93194,1.65784
[ 1.74695611 -4.34885836],1.90025,1.78793
