Inputs,"f(x,y)","f*(x,y)"
[ 3.79999995 -4.19999981],1.99202,1.61296
[-4.5999999  1.       ],1.49777,1.67077
[-5.          4.19999981],1.9952,1.40425
[ 4.5999999   1.79999995],1.9108,1.17724
[-3.79999995  0.2       ],0.996825,1.70632
[ 0.2        -1.79999995],0.914623,1.59969
[-3.4000001 -3.       ],1.98038,1.86678
[ 3.4000001  3.       ],1.98038,1.21384
