Inputs,"f(x,y)","f*(x,y)"
1.55,2.1606,1.32603
1.95,2.65094,1.32609
0.65,0.853191,1.32587
0.25,0.283768,1.32581
0.2,0.221542,1.3258
1.35,1.89204,1.32599
0.3,0.348542,1.32581
1.6,2.22527,1.32604
1.05,1.46097,1.32594
0.85,1.15896,1.32591
1.15,1.60811,1.32596
0.9,1.23518,1.32592
