Inputs,"f(x,y)","f*(x,y)"
1.88801,2.57889,1.2334
1.94019,2.63963,1.2334
1.41387,1.97952,1.2334
1.64975,2.28864,1.2334
1.70452,2.35728,1.2334
1.44238,2.01805,1.2334
0.194567,0.214941,1.2334
0.598412,0.775094,1.2334
0.95917,1.32485,1.2334
1.8919,2.58345,1.2334
0.84214,1.14695,1.2334
0.853,1.16354,1.2334
