Inputs,"f(x,y)","f*(x,y)"
0.45,0.555966,1.44412
1.05,1.46097,1.44739
0.25,0.283768,1.44294
1.85,2.53402,1.45087
0.4,0.484892,1.44383
1.1,1.53493,1.44764
0.7,0.929404,1.44554
0.35,0.415663,1.44353
0.75,1.0059,1.44581
0.55,0.70254,1.44469
0.65,0.853191,1.44526
1.4,1.96066,1.44905
