Inputs,"f(x,y)","f*(x,y)"
[ 0.63980174  4.24628735],1.14045,1.65283
[-4.46609402  2.67852759],1.97844,1.65283
[ 0.01846914 -4.16951799],0.996702,1.65283
[-1.09695292 -4.77402735],1.58957,1.65283
[ 1.23246872 -2.3150568 ],1.664,1.65283
[-3.96600723 -3.45045972],1.98897,1.65283
[ 4.63044214  3.20834041],1.98848,1.65284
[-0.99752623  4.41476059],1.4949,1.65283
