Inputs,"f(x,y)","f*(x,y)"
[ 0.84224838  4.23790073],1.33167,1.47934
[-4.64289904  1.76236069],1.90393,1.39744
[ 4.96341896  2.28148985],1.96276,1.50391
[ 0.81605452 -4.28875923],1.30428,1.66286
[ 4.11095142  0.7410599 ],1.22822,1.50849
[ 2.74635649 -2.95267391],1.96974,1.86577
[-1.98715186 -0.27820829],0.945688,1.44112
[ 0.39496532  2.82619953],1.00832,1.38134
