Inputs,"f(x,y)","f*(x,y)"
[-4.19999981  4.5999999 ],1.99457,1.67925
[-3.4000001  3.       ],1.98038,1.6831
[-1.   0.2],0.501597,1.6784
[ 2.5999999  1.       ],1.47859,1.6473
[ 1.79999995 -3.79999995],1.90825,1.67171
[ 0.60000002 -0.2       ],0.116328,1.665
[-0.60000002  2.20000005],1.07379,1.66666
[-2.20000005 -1.        ],1.45906,1.69044
