Inputs,"f(x,y)","f*(x,y)"
0.821304,1.11509,1.10333
1.09815,1.53221,1.54582
0.700805,0.930635,0.912981
0.703116,0.934165,0.916575
0.596777,0.772631,0.754197
0.873345,1.19459,1.18675
0.616106,0.801803,0.783197
0.906301,1.24476,1.23974
1.33007,1.86441,1.89442
0.329046,0.387263,0.383464
1.64549,2.28325,2.29995
1.55661,2.1692,2.1949
