Inputs,"f(x,y)","f*(x,y)"
1.4,1.96066,1.43235
0.1,0.105261,1.37819
0.7,0.929404,1.40407
0.6,0.777488,1.39974
0.25,0.283768,1.38457
1.25,1.75191,1.42671
0.3,0.348542,1.38672
0.8,1.08248,1.40835
0.45,0.555966,1.39322
1.2,1.68046,1.42477
1.3,1.82245,1.42862
1.65,2.28896,1.44108
