Inputs,"f(x,y)","f*(x,y)"
[-0.20935987 -4.42931986],0.999326,1.70707
[-0.8818453   0.29494163],0.384357,1.70713
[-0.56876421 -4.18763733],1.09149,1.70708
[ 1.56857026 -1.30265212],1.60046,1.70707
[ 4.41515112  3.1979661 ],1.9879,1.7071
[-4.13866234 -4.20556736],1.99342,1.70711
[-3.56105471  3.12933135],1.9835,1.70717
[-4.23218584 -1.94203889],1.93121,1.70714
