Inputs,"f(x,y)","f*(x,y)"
[-3.          0.60000002],1.10254,1.57272
[-0.2         2.20000005],0.960657,1.61521
[-1. -5.],1.4984,1.96029
[ 3.79999995 -3.4000001 ],1.9878,1.28633
[ 0.60000002 -3.        ],1.10254,1.7502
[ 0.2       -2.5999999],0.980183,1.7226
[ 4.19999981  2.5999999 ],1.97538,1.83825
[ 1.79999995 -2.20000005],1.87208,1.49418
