Inputs,"f(x,y)","f*(x,y)"
1.7,2.35166,2.32661
0.9,1.23518,1.27834
0.7,0.929404,0.972517
0.45,0.555966,0.582547
1.25,1.75191,1.77936
1.55,2.1606,2.15791
1.85,2.53402,2.48115
0.05,0.051287,-0.025926
1.05,1.46097,1.49963
0.75,1.0059,1.04982
0.8,1.08248,1.12663
1.2,1.68046,1.71129
