Inputs,"f(x,y)","f*(x,y)"
[-0.74421424  2.01689816],1.17776,1.51545
[ 2.89390516 -1.46444499],1.80735,1.51546
[-0.38827515 -2.5651927 ],0.999649,1.51545
[ 0.49708316  3.65247202],1.05195,1.51545
[ 1.38493693  0.82301587],1.10079,1.51545
[ 2.36246896 -2.02731466],1.91301,1.51546
[ 2.45146632  0.52177554],1.04206,1.51546
[ 2.46304059  1.07211101],1.54273,1.51546
