Inputs,"f(x,y)","f*(x,y)"
1.42731,1.99773,1.99397
1.92855,2.62617,2.53789
1.04686,1.4563,1.48518
1.11958,1.56368,1.58835
1.34896,1.8906,1.8957
1.49632,2.09007,2.07757
1.61945,2.25017,2.21981
1.14175,1.59609,1.61928
8.72669e-05,8.72707e-05,-0.156337
0.670229,0.883978,0.915317
0.958282,1.32351,1.35615
0.0416276,0.0425159,-0.0911338
