Inputs,"f(x,y)","f*(x,y)"
0.75,1.0059,1.33381
1.6,2.22527,1.33381
0.25,0.283768,1.3338
1.05,1.46097,1.33381
0.4,0.484892,1.33381
1.65,2.28896,1.33381
1.55,2.1606,1.33381
0.45,0.555966,1.33381
0.8,1.08248,1.33381
0.1,0.105261,1.3338
1.25,1.75191,1.33381
1.8,2.47418,1.33381
