Inputs,"f(x,y)","f*(x,y)"
[ 2.67282629  2.68276119],1.96184,1.58827
[ 0.33852789 -3.18612242],1.00335,1.11709
[ 0.49614504  4.81587505],1.05528,1.40316
[-0.16779035  4.08030748],0.997197,1.0565
[ 4.47316074  1.66264582],1.88179,1.35692
[-2.44925523  3.13414526],1.96271,1.42067
[-3.99098802  1.4960593 ],1.82967,1.89833
[-2.51361942  2.5660708 ],1.95302,1.44877
