Inputs,"f(x,y)","f*(x,y)"
[ 3.79999995  0.2       ],0.996825,1.45141
[-4.5999999  3.4000001],1.99034,1.45141
[-2.20000005  3.79999995],1.95429,1.45141
[ 3.         -1.79999995],1.90083,1.45141
[-2.5999999 -4.5999999],1.97636,1.45141
[ 2.20000005 -1.        ],1.45906,1.45141
[-3.  3.],1.97561,1.45141
[-3.79999995 -4.19999981],1.99202,1.45141
