Inputs,"f(x,y)","f*(x,y)"
[ 1.12908387 -4.43282461],1.61649,1.56049
[-3.80359077 -1.36707044],1.77266,1.71373
[-2.58864403 -4.83855581],1.97639,1.59914
[-4.16615868  4.29449797],1.99376,1.82885
[ 2.21556282 -4.34362745],1.95735,1.53904
[-1.20546734 -0.83891714],1.00987,1.66846
[ 0.90589118  1.58427775],1.26544,1.66049
[-4.8896246  -2.64566469],1.97825,1.68814
