Inputs,"f(x,y)","f*(x,y)"
[-2.87879109  0.16243988],0.986345,1.50679
[-4.65711594  2.49072456],1.97255,1.49697
[-1.79661977 -2.10614085],1.86406,1.38291
[-2.42491341 -1.56634915],1.82943,1.41069
[-1.38589692  0.29286301],0.794043,1.46226
[ 1.55617797  3.1912806 ],1.84478,1.55093
[ 4.24853802 -0.51877588],1.06448,1.41002
[-2.2376101   1.86564016],1.88539,1.46388
