Inputs,"f(x,y)","f*(x,y)"
0.2,0.221542,0.194663
0.25,0.283768,0.271907
0.95,1.311,1.36207
1.05,1.46097,1.50758
1.2,1.68046,1.71589
0.35,0.415663,0.428207
1.55,2.1606,2.14681
0.7,0.929404,0.980693
1.85,2.53402,2.44927
1.9,2.59294,2.49373
0.55,0.70254,0.744477
1.4,1.96066,1.97219
