Inputs,"f(x,y)","f*(x,y)"
1.37498,1.92644,1.34825
1.86421,2.55086,1.34825
0.226711,0.254458,1.34825
0.352164,0.418618,1.34825
0.677107,0.894461,1.34825
1.31807,1.84771,1.34825
0.693081,0.918836,1.34825
0.661914,0.871314,1.34825
1.13803,1.59067,1.34825
0.661456,0.870616,1.34825
0.389433,0.470099,1.34825
1.73342,2.39304,1.34825
