Inputs,"f(x,y)","f*(x,y)"
[-3.71701694  2.69130206],1.97608,1.60205
[ 1.46022308  3.95175576],1.81562,1.96667
[-2.8565135  -0.14765817],0.985678,1.63771
[-2.21914458 -3.75428724],1.95539,1.4302
[-4.30351353 -4.47517347],1.99461,1.78814
[ 0.5077914  -1.00297785],0.565316,1.30091
[ 3.00492859 -3.98837996],1.98395,1.45135
[-4.49237633 -2.06114054],1.94505,1.75981
