Inputs,"f(x,y)","f*(x,y)"
[-2.5999999  4.5999999],1.97636,1.63829
[-5.        -2.5999999],1.97699,1.63837
[ 0.2       -3.4000001],0.99417,1.63851
[ 1.79999995 -1.        ],1.41303,1.63849
[ 2.20000005 -4.19999981],1.95586,1.63856
[-0.60000002 -0.60000002],0.229462,1.63842
[ 0.60000002  1.79999995],1.02776,1.63838
[ 3.4000001  1.       ],1.49257,1.63848
