Inputs,"f(x,y)","f*(x,y)"
0.25,0.283768,1.37815
1.85,2.53402,1.37815
1.5,2.09495,1.37815
0.15,0.162013,1.37815
0.75,1.0059,1.37815
1.9,2.59294,1.37815
0.5,0.628609,1.37815
1.65,2.28896,1.37815
0.8,1.08248,1.37815
0.55,0.70254,1.37815
0.4,0.484892,1.37815
0.6,0.777488,1.37815
