Inputs,"f(x,y)","f*(x,y)"
0.442679,0.545454,1.40256
1.51452,2.11412,1.40259
1.25956,1.76548,1.40258
1.54825,2.15832,1.40259
0.997147,1.38201,1.40258
0.801564,1.08488,1.40257
1.04547,1.45423,1.40258
0.790244,1.06754,1.40257
0.662615,0.87238,1.40257
1.79178,2.46425,1.4026
1.98548,2.69155,1.4026
0.0252759,0.0256004,1.40255
