Inputs,"f(x,y)","f*(x,y)"
[-1.79999995  2.20000005],1.87208,1.61873
[ 3.79999995 -4.5999999 ],1.993,1.41627
[ 4.5999999 -3.       ],1.98558,1.46647
[-1.         4.5999999],1.49777,1.65312
[ 0.60000002  2.5999999 ],1.09332,1.58966
[ 3.4000001   4.19999981],1.98937,1.51538
[-0.2 -0.2],0.00319489,1.52867
[-4.19999981 -4.19999981],1.99359,1.62589
