Inputs,"f(x,y)","f*(x,y)"
1.82331,2.5022,1.647
0.044014,0.0450082,1.64054
0.421011,0.51455,1.64209
1.21547,1.70266,1.6451
0.650636,0.854158,1.64301
1.83604,2.51742,1.64704
1.32554,1.85811,1.64547
0.584854,0.754694,1.64275
1.85927,2.54502,1.6471
0.339637,0.40157,1.64176
0.238105,0.268727,1.64135
1.71999,2.37646,1.64671
