Inputs,"f(x,y)","f*(x,y)"
0.533784,0.678439,0.645643
1.75841,2.42369,2.40061
0.856181,1.1684,1.15866
1.57734,2.19609,2.22365
1.00346,1.39149,1.40689
1.07953,1.50474,1.53288
1.8728,2.561,2.49325
0.542555,0.691461,0.658388
0.651281,0.855138,0.823123
1.54304,2.15153,2.18562
0.453687,0.561273,0.533395
1.6304,2.26411,2.2796
