Inputs,"f(x,y)","f*(x,y)"
1.35,1.89204,1.90781
0.4,0.484892,0.499884
1.15,1.60811,1.63444
1.65,2.28896,2.27404
0.8,1.08248,1.11528
1.9,2.59294,2.53494
1.5,2.09495,2.09796
0.2,0.221542,0.201944
0.1,0.105261,0.058542
0.9,1.23518,1.26744
0.7,0.929404,0.961441
0.55,0.70254,0.729724
