Inputs,"f(x,y)","f*(x,y)"
0.1,0.105261,0.16679
0.05,0.051287,0.128077
0.2,0.221542,0.253379
0.15,0.162013,0.2085
1.95,2.65094,2.49397
1.2,1.68046,1.72793
0.95,1.311,1.31739
1.75,2.4134,2.35872
1.85,2.53402,2.43134
0.5,0.628609,0.5964
0.85,1.15896,1.14569
1.4,1.96066,2.00656
