Inputs,"f(x,y)","f*(x,y)"
0.768626,1.03443,1.05099
1.15399,1.61392,1.051
1.95405,2.6556,1.05101
0.794904,1.07468,1.05099
0.820049,1.11317,1.05099
0.834156,1.13475,1.05099
0.441669,0.544008,1.05098
0.104058,0.109762,1.05098
0.969065,1.33978,1.05099
1.71566,2.3711,1.05101
0.209804,0.233535,1.05098
0.207267,0.230421,1.05098
