Inputs,"f(x,y)","f*(x,y)"
[-2.95436406  0.51973575],1.05505,1.59249
[-1.62055898  1.54950714],1.72554,1.59265
[-4.64978266 -1.57676649],1.85861,1.59229
[-4.25402355  4.11804628],1.99349,1.59277
[ 3.68334293 -1.52436197],1.83833,1.59255
[ 4.87203789 -2.02971077],1.94259,1.59255
[-1.03259182  0.29507741],0.539552,1.59254
[ 0.25285551 -2.62745404],0.98352,1.59234
