Inputs,"f(x,y)","f*(x,y)"
[ 3.79999995 -4.5999999 ],1.993,1.79253
[-0.60000002 -5.        ],1.11313,1.49736
[ 0.2         2.20000005],0.960657,1.20766
[-3.79999995  4.19999981],1.99202,1.62236
[ 1.39999998  3.4000001 ],1.78603,1.41317
[ 3.4000001  -3.79999995],1.9878,1.80181
[ 2.20000005  0.2       ],0.960657,1.74285
[ 4.5999999 -0.2      ],0.999369,1.637
