Inputs,"f(x,y)","f*(x,y)"
[ 3.04216075  4.13579845],1.98505,1.43017
[-1.75869381  2.61571598],1.88445,1.4319
[ 1.44820452 -2.15962029],1.77082,1.42932
[-1.53854299 -2.61388755],1.82759,1.43067
[-1.91413283  1.91444457],1.86139,1.43188
[ 3.49387765  1.18190885],1.65451,1.42923
[ 1.72345388  1.26172006],1.61525,1.42999
[-1.97907627  3.7487514 ],1.93377,1.43206
