Inputs,"f(x,y)","f*(x,y)"
[-4.1157217  -4.82241964],1.99468,1.5795
[ 1.2704767  2.02107  ],1.66609,1.5795
[-3.51062632  2.48536897],1.96792,1.5795
[-4.77194643 -0.2992948 ],1.00604,1.5795
[ 0.13650641 -0.71540308],0.207917,1.5795
[-0.74899101 -1.91235888],1.16981,1.5795
[ 2.78235054 -2.97221899],1.97094,1.5795
[ 4.04406452  1.92201948],1.928,1.5795
