Inputs,"f(x,y)","f*(x,y)"
0.83918,1.14243,1.09697
1.29292,1.81252,1.89378
1.62248,2.25402,2.30692
0.357745,0.426255,0.365426
0.442414,0.545075,0.467525
1.1934,1.67096,1.73474
1.39647,1.95585,2.04294
1.6542,2.29427,2.3375
0.880909,1.20612,1.17328
0.671289,0.885592,0.804101
0.496112,0.622911,0.538686
0.734075,0.98152,0.910159
