Inputs,"f(x,y)","f*(x,y)"
[-2.66319799 -3.79821086],1.97573,1.60076
[-2.81130242 -3.02855635],1.9725,1.60098
[ 2.74184489 -3.27746105],1.97402,1.6085
[ 2.16467834 -1.85496652],1.87856,1.60938
[-0.31357995 -4.9600687 ],1.00793,1.60254
[ 0.95375091  4.65981054],1.45067,1.61306
[-0.62645847 -4.46542454],1.13095,1.60242
[-3.10087085 -0.78238344],1.26187,1.60218
