Inputs,"f(x,y)","f*(x,y)"
[-1.79999995  3.79999995],1.90825,1.62458
[-3.79999995  1.39999998],1.78868,1.62458
[-0.60000002 -3.79999995],1.10996,1.62454
[ 1.          0.60000002],0.614731,1.62455
[ 0.2        -1.79999995],0.914623,1.62454
[-5.         2.5999999],1.97699,1.62459
[-0.2        -4.19999981],0.998394,1.62454
[ 4.5999999  3.4000001],1.99034,1.62454
