Inputs,"f(x,y)","f*(x,y)"
1.2,1.68046,1.35864
0.45,0.555966,1.35864
0.9,1.23518,1.35864
1.4,1.96066,1.35864
1.1,1.53493,1.35864
0.4,0.484892,1.35864
0.0,0.0,1.35864
0.7,0.929404,1.35864
1.3,1.82245,1.35864
1.6,2.22527,1.35864
1.85,2.53402,1.35864
0.2,0.221542,1.35864
