Inputs,"f(x,y)","f*(x,y)"
[-2.76340652 -2.60040689],1.96174,1.66989
[ 0.7242232   3.38850641],1.20822,1.65833
[-0.89731282 -2.74188757],1.37593,1.72598
[-3.69807673 -2.25971913],1.95775,1.63916
[-1.99062395 -0.63858247],1.08271,1.65156
[-0.24794322  4.06013489],1.0001,1.62172
[-2.08130765 -1.6533227 ],1.83137,1.66975
[ 1.2915622  -1.68516946],1.62532,1.76517
