Inputs,"f(x,y)","f*(x,y)"
[ 1.95442677  1.71993899],1.8333,1.37515
[-2.87128901 -2.35932589],1.95424,1.8556
[-4.64141178  4.54167747],1.9955,1.81478
[ 4.09114027  2.88941503],1.9823,1.33264
[-2.75413537  4.04350996],1.97919,1.74705
[ 1.04167807  1.82903123],1.45872,1.41687
[-4.5479908   4.44302797],1.99511,1.81363
[ 1.08275771 -4.24313927],1.57577,1.53345
