Inputs,"f(x,y)","f*(x,y)"
0.2,0.221542,1.42255
0.9,1.23518,1.42253
1.6,2.22527,1.4225
1.55,2.1606,1.4225
0.95,1.311,1.42253
0.65,0.853191,1.42254
1.3,1.82245,1.42251
0.45,0.555966,1.42254
0.55,0.70254,1.42254
1.5,2.09495,1.42251
0.05,0.051287,1.42256
0.15,0.162013,1.42256
