Inputs,"f(x,y)","f*(x,y)"
[ 3.79999995  3.79999995],1.99045,1.67947
[-0.2        4.5999999],0.999369,1.63565
[-3.4000001 -1.       ],1.49257,1.42195
[-4.19999981  1.        ],1.4968,1.42545
[-4.5999999  -2.20000005],1.95683,1.41449
[ 3. -5.],1.98621,1.52365
[ 1.39999998  3.4000001 ],1.78603,1.65372
[-2.5999999  0.2      ],0.980183,1.44481
