Inputs,"f(x,y)","f*(x,y)"
[-1.         -1.39999998],1.29346,1.54455
[-2.5999999 -1.       ],1.47859,1.54455
[-1.39999998  1.        ],1.29346,1.54455
[-3.79999995 -1.79999995],1.90825,1.54455
[-4.19999981  3.4000001 ],1.98937,1.54455
[ 0.2 -3. ],0.989402,1.54455
[ 4.5999999   1.39999998],1.79123,1.54456
[ 2.20000005  2.20000005],1.91812,1.54456
