Inputs,"f(x,y)","f*(x,y)"
0.66089,0.869755,0.806004
1.64364,2.2809,2.32836
1.70646,2.3597,2.38745
1.88799,2.57887,2.52885
1.51063,2.10899,2.18348
1.33473,1.87089,1.94774
0.54831,0.700023,0.645477
1.99256,2.6996,2.59346
0.064743,0.0669163,0.182486
0.8029,1.08692,1.03526
0.235158,0.265023,0.307556
0.350572,0.416444,0.414195
