Inputs,"f(x,y)","f*(x,y)"
1.60836,2.23599,2.19789
0.205801,0.228626,0.195617
0.265602,0.303715,0.290923
0.665501,0.876775,0.924142
1.59455,2.21827,2.18268
0.524318,0.664423,0.702878
1.71236,2.36702,2.30877
0.927365,1.27673,1.31963
0.444667,0.548306,0.576549
1.98943,2.69606,2.57309
1.89442,2.58641,2.48747
0.591995,0.765432,0.809455
