Inputs,"f(x,y)","f*(x,y)"
0.266873,0.305351,0.292813
0.0167127,0.0168539,0.0252999
1.75437,2.41875,2.37476
1.59746,2.22202,2.22491
0.864312,1.18081,1.18165
1.57098,2.18786,2.19686
0.325713,0.382781,0.36589
1.95617,2.65804,2.52979
0.631465,0.825056,0.803585
0.590822,0.763667,0.740502
0.472362,0.588278,0.5645
0.59706,0.773058,0.750103
