Inputs,"f(x,y)","f*(x,y)"
1.65,2.28896,1.99304
0.2,0.221542,0.307189
0.9,1.23518,1.32534
1.85,2.53402,2.06801
0.35,0.415663,0.496121
1.75,2.4134,2.03386
0.25,0.283768,0.366756
0.85,1.15896,1.25323
1.5,2.09495,1.91618
1.2,1.68046,1.68584
0.6,0.777488,0.866891
1.9,2.59294,2.08295
