Inputs,"f(x,y)","f*(x,y)"
0.583062,0.752002,1.53034
1.20167,1.68285,1.53035
1.36372,1.91096,1.53035
0.659659,0.867881,1.53034
1.39406,1.95255,1.53035
1.36232,1.90904,1.53035
1.95998,2.66241,1.53036
1.85044,2.53455,1.53036
1.06894,1.48908,1.53035
0.125447,0.133795,1.53034
1.20709,1.69064,1.53035
0.473331,0.589685,1.53034
