Inputs,"f(x,y)","f*(x,y)"
[-2.46484542  0.33805078],0.986514,1.23593
[ 0.26862356 -1.63040161],0.881204,1.22296
[-3.98918605  3.81541896],1.99137,1.96297
[-1.41309547  4.85209417],1.79769,1.55034
[ 1.44036794  1.04721916],1.35748,0.948033
[-3.78345466 -2.51527572],1.97077,1.57595
[ 4.91570091 -2.53785801],1.97475,1.32754
[-2.74803209 -0.04779931],0.982772,1.19594
