Inputs,"f(x,y)","f*(x,y)"
[ 1.39999998 -2.20000005],1.75252,1.59346
[ 0.2        -1.79999995],0.914623,1.59089
[ 1.        -4.5999999],1.49777,1.59242
[ 3.         -4.19999981],1.9846,1.59475
[-4.5999999  -0.60000002],1.1125,1.58299
[-2.20000005 -1.39999998],1.75252,1.58566
[-3.4000001   2.20000005],1.95163,1.58492
[-0.2         1.79999995],0.914623,1.59036
