Inputs,"f(x,y)","f*(x,y)"
[-2.99928021  2.33330655],1.95516,1.49548
[ 4.37583303 -4.78490829],1.99538,1.49529
[-4.59190941 -3.06388187],1.98654,1.49536
[ 0.77787685  4.62708473],1.26583,1.49547
[ 0.97615874 -1.08471537],1.0565,1.49534
[ 4.65069437 -0.41855007],1.02764,1.4953
[ 0.58727551 -3.38204193],1.09872,1.49531
[-3.30879307 -3.4424746 ],1.98466,1.49533
