Inputs,"f(x,y)","f*(x,y)"
[-0.2        -1.79999995],0.914623,1.42224
[-4.19999981  2.20000005],1.95586,1.44827
[ 3.4000001 -5.       ],1.99098,1.24759
[-1.39999998 -4.19999981],1.79025,1.49019
[ 2.20000005 -3.        ],1.94686,1.28453
[ 2.5999999  -1.39999998],1.77204,1.37326
[-3.4000001 -2.5999999],1.97116,1.34032
[-4.5999999  -3.79999995],1.993,1.19274
