Inputs,"f(x,y)","f*(x,y)"
0.596312,0.771932,0.741609
1.64202,2.27886,2.32578
1.13808,1.59074,1.62907
0.995939,1.3802,1.39469
0.266372,0.304706,0.303219
1.62476,2.25693,2.30642
1.19012,1.66623,1.71211
1.8606,2.54659,2.5433
1.01363,1.40672,1.42428
1.32804,1.86159,1.92163
0.433686,0.53259,0.509484
0.220376,0.246583,0.252613
