Inputs,"f(x,y)","f*(x,y)"
[ 2.44123435  3.39919233],1.96518,0.796765
[-1.17324626  2.07253242],1.60314,1.36288
[-1.28488863  4.10762739],1.72809,1.97016
[ 2.53276968 -4.69800091],1.97423,1.69195
[-2.03233266 -4.65798855],1.94251,1.65494
[ 1.179129   -2.27641797],1.62316,1.43562
[ 1.4960463   2.32928491],1.80074,0.778623
[-1.10532439 -1.52704954],1.44349,0.982078
