Inputs,"f(x,y)","f*(x,y)"
[-1.87540221 -1.99469662],1.86579,1.49704
[ 2.19602561 -3.92195106],1.95457,1.49705
[-2.14934731  3.0437386 ],1.94372,1.49702
[ 3.04423285  3.21813703],1.97925,1.49703
[ 4.78631735  1.01631069],1.51427,1.49704
[ 2.26969171 -3.98365736],1.95973,1.49705
[-3.115273   -3.32693124],1.9814,1.49704
[-1.01357102 -4.82834387],1.51164,1.49704
