Inputs,"f(x,y)","f*(x,y)"
1.82466,2.50381,1.40724
1.3118,1.83896,1.40725
0.972208,1.34451,1.40725
1.28957,1.80781,1.40725
0.33906,0.400788,1.40725
0.533704,0.67832,1.40725
0.0916836,0.0960918,1.40725
1.61836,2.24876,1.40725
1.57587,2.19419,1.40725
0.596264,0.771859,1.40725
1.82522,2.50449,1.40724
1.33653,1.87339,1.40725
