Inputs,"f(x,y)","f*(x,y)"
1.68022,2.32697,1.42619
1.72612,2.38403,1.42619
0.755556,1.01441,1.42619
1.45827,2.03939,1.42619
0.524195,0.66424,1.42619
1.40806,1.97163,1.42619
1.81918,2.49725,1.42619
0.259733,0.296183,1.42619
1.38538,1.9407,1.42619
1.67142,2.31594,1.42619
1.49947,2.09425,1.42619
0.740727,0.991703,1.42619
