Inputs,"f(x,y)","f*(x,y)"
0.755704,1.01464,1.42395
1.14248,1.59715,1.42995
1.69957,2.35112,1.43712
1.97568,2.68038,1.44001
1.28043,1.79495,1.4319
0.773731,1.04225,1.42424
0.854044,1.16514,1.42554
0.364443,0.435455,1.41722
0.798978,1.08092,1.42466
1.40643,1.96941,1.43358
1.85798,2.54349,1.43883
1.41721,1.98405,1.43372
