Inputs,"f(x,y)","f*(x,y)"
0.121308,0.129105,0.0723728
1.57633,2.19478,2.19557
0.449129,0.554714,0.571476
0.71609,0.954,0.983287
0.133619,0.143112,0.0907398
1.49708,2.09108,2.09667
1.58907,2.21122,2.21117
1.0538,1.46661,1.4901
1.55743,2.17027,2.17227
1.31016,1.83667,1.85123
0.0385908,0.0393529,-0.0499584
0.299626,0.348049,0.34174
