Inputs,"f(x,y)","f*(x,y)"
[ 3.79999995 -1.39999998],1.78868,1.57685
[-3.  3.],1.97561,1.57685
[ 1.39999998 -1.79999995],1.70648,1.57685
[ 2.20000005 -3.        ],1.94686,1.57685
[-0.60000002 -4.5999999 ],1.1125,1.57685
[-3.79999995 -0.60000002],1.10996,1.57685
[ 3.4000001 -0.2      ],0.99417,1.57685
[ 1.         2.5999999],1.47859,1.57685
