Inputs,"f(x,y)","f*(x,y)"
[ 2.38356423 -0.15080558],0.970467,1.55749
[ 1.78038919  1.12274361],1.52323,1.55748
[ 2.98344755 -2.4660821 ],1.96121,1.55749
[ 3.45029068 -3.82972312],1.98837,1.55749
[-1.7802124   3.98747563],1.90551,1.55748
[-0.97050244  0.3589015 ],0.486416,1.55748
[ 1.16162479 -0.43385935],0.679711,1.55748
[-4.31679058  0.70225745],1.19276,1.55747
