Inputs,"f(x,y)","f*(x,y)"
0.353198,0.42003,1.18611
1.17352,1.64225,1.18609
1.58604,2.20731,1.18608
0.851934,1.16192,1.1861
1.84363,2.52645,1.18608
0.664374,0.875058,1.1861
0.722894,0.964409,1.1861
1.52514,2.12809,1.18608
0.493923,0.619706,1.18611
0.263264,0.30071,1.18611
0.140352,0.150844,1.18612
1.90386,2.59744,1.18608
