Inputs,"f(x,y)","f*(x,y)"
0.3,0.348542,1.27913
0.85,1.15896,1.27913
1.35,1.89204,1.27913
1.85,2.53402,1.27913
0.25,0.283768,1.27913
0.05,0.051287,1.27913
1.75,2.4134,1.27913
0.75,1.0059,1.27913
0.8,1.08248,1.27913
1.6,2.22527,1.27913
1.3,1.82245,1.27913
1.9,2.59294,1.27913
