Inputs,"f(x,y)","f*(x,y)"
[ 4.74562025  4.22732115],1.99491,1.54931
[ 2.97954059 -0.53803372],1.06479,1.54931
[ 0.47135857  3.18986964],1.03748,1.54931
[-2.68326902  3.57234263],1.97497,1.54931
[ 3.80525351 -4.07498217],1.99164,1.54931
[-3.74688458 -0.92717594],1.41991,1.54931
[ 2.82246017 -1.7210573 ],1.88217,1.54931
[ 1.23651993 -4.67479372],1.69831,1.54931
