Inputs,"f(x,y)","f*(x,y)"
0.35,0.415663,0.391747
0.05,0.051287,-0.0639267
0.3,0.348542,0.313487
1.2,1.68046,1.71013
0.25,0.283768,0.236002
1.35,1.89204,1.91401
0.0,0.0,-0.135905
0.95,1.311,1.34224
1.85,2.53402,2.48241
1.75,2.4134,2.38291
1.0,1.38629,1.41821
0.1,0.105261,0.00934507
