Inputs,"f(x,y)","f*(x,y)"
0.9,1.23518,1.30375
1.55,2.1606,1.30375
1.9,2.59294,1.30375
0.25,0.283768,1.30375
1.3,1.82245,1.30375
1.25,1.75191,1.30375
0.95,1.311,1.30375
1.0,1.38629,1.30375
0.65,0.853191,1.30375
0.4,0.484892,1.30375
1.2,1.68046,1.30375
0.85,1.15896,1.30375
