Inputs,"f(x,y)","f*(x,y)"
[ 0.60000002 -5.        ],1.11313,1.38423
[ 3.79999995  1.39999998],1.78868,1.56329
[ 1.79999995 -1.        ],1.41303,1.1842
[-5.         -3.79999995],1.99363,2.24842
[-4.19999981  4.5999999 ],1.99457,2.15569
[-4.5999999 -2.5999999],1.97636,2.17426
[-2.20000005  1.        ],1.45906,1.01424
[ 4.19999981  1.79999995],1.90982,1.71822
