Inputs,"f(x,y)","f*(x,y)"
[-3.09520483 -3.57143974],1.98311,1.78763
[-1.24731016 -3.38556552],1.70009,1.78763
[-2.44683194  4.31747246],1.96999,1.78763
[-1.08797395  2.02802968],1.52771,1.78763
[-2.63042021  4.09332609],1.97599,1.78763
[-0.46430922 -4.1930418 ],1.04119,1.78763
[-2.56592894 -3.26303911],1.96871,1.78763
[ 4.39526224 -2.60229278],1.97599,1.78763
