Inputs,"f(x,y)","f*(x,y)"
1.4,1.96066,2.00922
1.7,2.35166,2.36735
0.5,0.628609,0.591283
0.8,1.08248,1.05264
1.35,1.89204,1.93948
1.55,2.1606,2.20133
1.0,1.38629,1.38819
0.45,0.555966,0.523473
1.6,2.22527,2.25954
0.6,0.777488,0.735631
0.15,0.162013,0.1823
1.2,1.68046,1.71474
