Inputs,"f(x,y)","f*(x,y)"
1.45,2.0283,1.27001
0.85,1.15896,1.26798
1.2,1.68046,1.26922
1.5,2.09495,1.27016
1.3,1.82245,1.26955
0.95,1.311,1.26835
0.15,0.162013,1.2651
0.35,0.415663,1.26597
1.95,2.65094,1.27132
1.9,2.59294,1.2712
0.05,0.051287,1.26466
1.25,1.75191,1.26939
