Inputs,"f(x,y)","f*(x,y)"
[ 1.79929554  4.06649494],1.90926,1.75987
[ 3.48910666 -3.98437548],1.98935,1.75613
[ 0.59757608  0.55536246],0.199961,1.75933
[ 0.03859856 -1.22979569],0.695805,1.75881
[-4.56882334  1.08106101],1.57503,1.76283
[ 3.06979036  1.90371072],1.91811,1.75788
[ 3.51683211 -1.54874742],1.84543,1.75656
[ 2.85741425  3.86679482],1.98077,1.75885
