Inputs,"f(x,y)","f*(x,y)"
[ 3.70503259  0.72288179],1.20922,1.64584
[-1.70814717  4.94741869],1.89322,1.64584
[ 3.93620086  0.62168539],1.12581,1.64584
[-3.51238561 -4.38908339],1.99079,1.64584
[-0.99739373  1.14843392],1.13236,1.64584
[-1.87166798  0.558595  ],1.01338,1.64584
[-4.75636387 -2.99929619],1.98584,1.64584
[ 0.98887247  4.64030838],1.48666,1.64584
