Inputs,"f(x,y)","f*(x,y)"
0.25,0.283768,1.24352
1.85,2.53402,1.2435
1.5,2.09495,1.2435
1.05,1.46097,1.24351
0.5,0.628609,1.24351
0.85,1.15896,1.24351
1.8,2.47418,1.2435
0.2,0.221542,1.24352
1.7,2.35166,1.2435
0.8,1.08248,1.24351
1.6,2.22527,1.2435
1.35,1.89204,1.2435
