Inputs,"f(x,y)","f*(x,y)"
[-0.93024367 -3.74897623],1.42315,1.09566
[-0.71265823 -3.57103872],1.19894,1.16447
[-4.82043552  3.4528861 ],1.99117,1.97601
[ 4.62653399 -1.61735189],1.87031,1.10645
[ 0.88997024 -2.19525599],1.34422,1.54637
[-4.53901863  2.47143793],1.97155,1.78475
[-0.01425294 -4.79311609],0.998109,1.25941
[-1.64193892 -4.74192762],1.87708,0.87335
