Inputs,"f(x,y)","f*(x,y)"
0.15,0.162013,1.34489
1.45,2.0283,1.34489
0.55,0.70254,1.34489
1.55,2.1606,1.34489
0.4,0.484892,1.34489
1.3,1.82245,1.34489
0.75,1.0059,1.34489
1.2,1.68046,1.34489
0.8,1.08248,1.34489
1.7,2.35166,1.34489
0.6,0.777488,1.34489
0.95,1.311,1.34489
