Inputs,"f(x,y)","f*(x,y)"
[-2.20000005  2.20000005],1.91812,1.44711
[-5.          3.79999995],1.99363,1.44711
[-2.5999999  -2.20000005],1.93764,1.4471
[ 3.79999995  1.        ],1.49523,1.44711
[-1.39999998 -3.79999995],1.78868,1.4471
[-3.         -1.79999995],1.90083,1.44709
[ 3.4000001 -5.       ],1.99098,1.44709
[ 1.39999998 -1.        ],1.29346,1.4471
