Inputs,"f(x,y)","f*(x,y)"
[ 1.79999995 -3.        ],1.90083,1.59752
[ 3.79999995  4.5999999 ],1.993,1.97276
[-0.60000002 -2.5999999 ],1.09332,1.6909
[-4.5999999   0.60000002],1.1125,1.31069
[-4.19999981 -1.79999995],1.90982,1.05631
[ 2.20000005  4.19999981],1.95586,1.81752
[-2.20000005 -3.4000001 ],1.95163,1.81277
[-1.         -1.39999998],1.29346,1.17207
