Inputs,"f(x,y)","f*(x,y)"
[-1.39999998 -1.        ],1.29346,1.47607
[-3.          2.20000005],1.94686,1.47614
[ 1.79999995  4.19999981],1.90982,1.47617
[-5.          1.79999995],1.91143,1.47612
[ 4.5999999   1.39999998],1.79123,1.47613
[-2.20000005 -3.4000001 ],1.95163,1.47603
[ 3.79999995  0.60000002],1.10996,1.47612
[-1.79999995 -5.        ],1.91143,1.47601
