Inputs,"f(x,y)","f*(x,y)"
1.35,1.89204,1.35977
1.15,1.60811,1.35894
0.65,0.853191,1.35667
1.6,2.22527,1.36073
1.05,1.46097,1.3585
1.1,1.53493,1.35872
0.9,1.23518,1.35783
0.35,0.415663,1.3552
0.05,0.051287,1.35367
0.6,0.777488,1.35643
0.8,1.08248,1.35737
1.45,2.0283,1.36016
