Inputs,"f(x,y)","f*(x,y)"
0.7,0.929404,1.3158
0.8,1.08248,1.3158
1.95,2.65094,1.31579
1.55,2.1606,1.31579
0.6,0.777488,1.3158
1.4,1.96066,1.3158
0.75,1.0059,1.3158
1.45,2.0283,1.31579
0.45,0.555966,1.31581
0.9,1.23518,1.3158
0.1,0.105261,1.31581
1.35,1.89204,1.3158
