Inputs,"f(x,y)","f*(x,y)"
[ 0.68157125 -1.63072896],1.05361,1.60886
[ 0.3086127   3.09755421],0.998244,1.60886
[-2.2506032  -1.61089575],1.83319,1.60886
[ 0.89782459  4.09503841],1.39031,1.60886
[ 4.84741545  3.95165944],1.99411,1.60886
[-1.81398582 -3.63322425],1.90975,1.60886
[-3.27270055  3.61635995],1.98555,1.60886
[ 2.70256996 -1.7675252 ],1.88867,1.60886
