Inputs,"f(x,y)","f*(x,y)"
[-3. -1.],1.4878,1.52382
[-2.5999999   4.19999981],1.97538,1.54253
[ 0.60000002 -0.2       ],0.116328,1.67818
[-0.2        -2.20000005],0.960657,1.61326
[-1.39999998 -1.39999998],1.58691,1.54585
[-3.4000001  -3.79999995],1.9878,1.50415
[ 0.2       -3.4000001],0.99417,1.65615
[-1.   0.2],0.501597,1.56264
