Inputs,"f(x,y)","f*(x,y)"
0.7,0.929404,0.973536
1.65,2.28896,2.23799
0.2,0.221542,0.203892
1.25,1.75191,1.77013
1.9,2.59294,2.47546
0.1,0.105261,0.0573536
0.8,1.08248,1.12727
1.0,1.38629,1.42525
1.95,2.65094,2.5182
0.9,1.23518,1.2782
1.75,2.4134,2.33788
1.6,2.22527,2.18551
