Inputs,"f(x,y)","f*(x,y)"
1.28287,1.79839,1.14016
0.0209688,0.0211916,1.14016
1.1864,1.66087,1.14016
0.0573872,0.0590888,1.14016
0.0998659,0.105112,1.14016
1.73073,2.38972,1.14016
1.75347,2.41765,1.14016
1.95382,2.65534,1.14016
1.56988,2.18644,1.14016
1.28964,1.80791,1.14016
1.17863,1.64964,1.14016
1.75566,2.42033,1.14016
