Inputs,"f(x,y)","f*(x,y)"
[ 0.56520808 -2.74289346],1.07524,1.61928
[ 1.78011751 -1.27295804],1.63363,1.61783
[-3.01411581 -1.37176514],1.76781,1.61406
[ 1.98738539  1.19651818],1.61185,1.61361
[-3.19485068  3.2137084 ],1.9812,1.60962
[ 2.53048038  1.86750877],1.90022,1.61289
[-0.87593514  1.68494952],1.26018,1.61044
[ 2.76953721 -2.38382721],1.95325,1.61897
