Inputs,"f(x,y)","f*(x,y)"
[ 3.34717393  4.48404455],1.98963,1.52549
[-0.9924438   1.92097092],1.424,1.52546
[ 0.11849695 -1.68115675],0.888936,1.52533
[-2.63719797  3.40026522],1.97232,1.52547
[-1.70219183 -2.10321259],1.84494,1.52533
[ 0.69552892  1.0395968 ],0.728398,1.52543
[-2.17602706  3.96286201],1.95327,1.52548
[ 4.51644802 -4.21689034],1.99445,1.52533
