Inputs,"f(x,y)","f*(x,y)"
1.00487,1.3936,1.53437
0.717454,0.956086,1.5316
0.713503,0.950044,1.53156
1.07218,1.49387,1.53499
1.34771,1.88888,1.53743
0.484741,0.60629,1.52924
0.515707,0.651708,1.52956
0.161793,0.175805,1.52588
1.13618,1.58797,1.53558
1.01136,1.40332,1.53443
0.665731,0.877125,1.53108
1.90288,2.5963,1.54173
