Inputs,"f(x,y)","f*(x,y)"
0.144072,0.155138,0.105464
1.25659,1.76126,1.77824
1.36154,1.90797,1.91084
0.392149,0.473892,0.495314
0.65019,0.85348,0.901716
0.949596,1.31039,1.35463
0.22377,0.250796,0.22976
0.556182,0.711757,0.754511
0.186475,0.205168,0.171435
1.91548,2.61099,2.49401
0.943571,1.30128,1.34584
0.664832,0.875756,0.92449
