Inputs,"f(x,y)","f*(x,y)"
1.30597,1.83082,1.61119
0.874712,1.19667,1.61119
1.32033,1.85086,1.61119
1.57475,2.19274,1.61119
0.223203,0.250091,1.61119
0.244821,0.277201,1.61119
0.373185,0.447518,1.61119
1.26667,1.77553,1.61119
1.93057,2.62851,1.61119
0.540615,0.688578,1.61119
0.311369,0.363605,1.61119
0.115691,0.122769,1.61119
