Inputs,"f(x,y)","f*(x,y)"
[ 0.2 -5. ],1.0,1.70252
[-0.2         1.39999998],0.795054,1.70252
[-0.60000002 -0.60000002],0.229462,1.70252
[ 3.79999995  2.5999999 ],1.97381,1.70251
[-5.         -4.19999981],1.9952,1.70252
[-4.19999981  0.2       ],0.998394,1.70252
[ 3.          4.19999981],1.9846,1.70251
[-1.  1.],1.0,1.70252
