Inputs,"f(x,y)","f*(x,y)"
[-3.47112441 -0.12865406],0.993433,1.62756
[-3.31920719 -3.4916172 ],1.98515,1.62526
[ 4.39638424  3.01696277],1.9854,1.60655
[-3.41987705 -2.20098925],1.95187,1.62688
[ 4.32388735 -0.57177967],1.09371,1.60685
[-3.99538589 -4.29134846],1.99315,1.62563
[ 2.16367269 -2.43953681],1.9289,1.61313
[ 4.78402853 -1.79144359],1.90959,1.60785
