Inputs,"f(x,y)","f*(x,y)"
[-4.5999999  -3.79999995],1.993,1.4804
[-1.39999998  3.4000001 ],1.78603,1.48034
[ 4.5999999 -4.5999999],1.99554,1.48048
[-2.20000005  1.79999995],1.87208,1.48034
[ 2.5999999  -0.60000002],1.09332,1.48045
[ 2.20000005 -2.20000005],1.91812,1.48046
[-0.60000002 -4.19999981],1.11153,1.48044
[ 3.79999995  3.        ],1.98303,1.48042
