Inputs,"f(x,y)","f*(x,y)"
0.287125,0.331629,1.19685
0.882934,1.2092,1.19755
1.23783,1.7346,1.19793
0.923755,1.27126,1.1976
0.577093,0.743043,1.1972
0.701242,0.931303,1.19734
0.899817,1.2349,1.19757
0.358389,0.427137,1.19694
0.56781,0.729134,1.19719
1.52882,2.13291,1.19822
0.833933,1.13441,1.1975
1.05721,1.47168,1.19774
