Inputs,"f(x,y)","f*(x,y)"
[-2.86816144 -3.20317745],1.97603,1.38623
[ 1.0570699  -3.09167814],1.54445,1.37204
[-2.94183302  3.09676099],1.97607,1.44734
[-4.45923281 -3.68718028],1.9921,1.39043
[ 1.03577709 -2.20486856],1.4945,1.37749
[ 0.16840452 -4.90458345],0.999078,1.36838
[-0.94208026 -3.52998877],1.43422,1.37554
[-1.39307094  3.72045374],1.78499,1.45171
