Inputs,"f(x,y)","f*(x,y)"
0.8,1.08248,1.05225
0.4,0.484892,0.462366
0.75,1.0059,0.970909
1.35,1.89204,1.93812
0.5,0.628609,0.594634
1.05,1.46097,1.46962
1.6,2.22527,2.25669
1.45,2.0283,2.07466
1.8,2.47418,2.45694
0.15,0.162013,0.182322
0.35,0.415663,0.40058
1.4,1.96066,2.00786
