Inputs,"f(x,y)","f*(x,y)"
[-4.19999981 -1.39999998],1.79025,1.6569
[-0.60000002  0.60000002],0.229462,0.756197
[ 0.60000002 -4.5999999 ],1.1125,1.61992
[ 3.  3.],1.97561,1.69887
[-1.39999998  4.5999999 ],1.79123,1.67562
[ 2.20000005  1.        ],1.45906,0.779043
[-3.4000001  2.5999999],1.97116,1.84626
[ 2.5999999  -1.79999995],1.89161,1.60568
