Inputs,"f(x,y)","f*(x,y)"
[-0.32773951  3.70627022],1.00613,1.66427
[-4.9199338  -4.01014853],1.99444,1.66482
[-4.5588994   3.58009696],1.99164,1.66468
[-1.74040711  4.74968863],1.89976,1.66444
[ 1.34657824 -2.78029776],1.75033,1.66424
[-2.17360806  2.16422772],1.91353,1.66446
[ 0.33977857 -1.31842875],0.764492,1.66432
[ 3.56213093  2.15335822],1.94939,1.66392
