Inputs,"f(x,y)","f*(x,y)"
1.85,2.53402,2.49008
1.75,2.4134,2.38573
0.95,1.311,1.33834
0.0,0.0,-0.107485
0.05,0.051287,-0.0363881
0.5,0.628609,0.642817
0.75,1.0059,1.03255
0.85,1.15896,1.18664
1.8,2.47418,2.43869
1.1,1.53493,1.5596
1.2,1.68046,1.70187
0.15,0.162013,0.109063
