Inputs,"f(x,y)","f*(x,y)"
0.0676926,0.0700717,-0.00432208
0.306884,0.357649,0.359497
0.135813,0.145626,0.0975747
0.722407,0.963664,1.00911
1.03077,1.43233,1.47157
1.17644,1.64647,1.67561
0.692007,0.917196,0.961974
0.0157167,0.0158415,-0.0809434
1.1148,1.55668,1.59065
1.36343,1.91056,1.91972
1.57901,2.19824,2.17351
0.843775,1.14945,1.19507
