Inputs,"f(x,y)","f*(x,y)"
0.5,0.628609,1.33312
1.65,2.28896,1.33311
1.25,1.75191,1.33311
1.3,1.82245,1.33311
1.0,1.38629,1.33311
0.65,0.853191,1.33312
1.7,2.35166,1.33311
0.6,0.777488,1.33312
1.6,2.22527,1.33311
0.55,0.70254,1.33312
0.1,0.105261,1.33312
0.75,1.0059,1.33312
