Inputs,"f(x,y)","f*(x,y)"
0.3,0.348542,1.4319
0.15,0.162013,1.43151
0.35,0.415663,1.43203
1.45,2.0283,1.43465
0.6,0.777488,1.43267
0.25,0.283768,1.43177
0.8,1.08248,1.43317
1.8,2.47418,1.43535
0.45,0.555966,1.43229
1.95,2.65094,1.43563
0.55,0.70254,1.43255
1.15,1.60811,1.434
