Inputs,"f(x,y)","f*(x,y)"
[ 4.01551676  4.21660233],1.99302,2.2455
[-0.51880229 -3.27258444],1.05891,0.895695
[-2.9233191   1.71962321],1.88387,1.78532
[-1.39375412 -3.58025146],1.78446,0.785467
[ 3.23514342  2.5736835 ],1.96867,2.17963
[-3.21833873 -2.5212307 ],1.96661,0.572137
[-3.06687331 -4.41533184],1.9862,0.75474
[ 1.11487997  1.80238354],1.52051,1.38256
