Inputs,"f(x,y)","f*(x,y)"
[ 2.20000005 -3.4000001 ],1.95163,1.53032
[ 3.4000001  2.5999999],1.97116,1.53016
[-2.20000005 -4.5999999 ],1.95683,1.53025
[ 0.2 -0.2],0.00319489,1.53018
[ 3.        -2.5999999],1.96639,1.53031
[ 4.19999981  4.19999981],1.99359,1.53014
[ 4.5999999   2.20000005],1.95683,1.53019
[ 0.60000002  3.4000001 ],1.1073,1.53006
