Inputs,"f(x,y)","f*(x,y)"
0.35,0.415663,1.34425
0.85,1.15896,1.34425
1.15,1.60811,1.34425
1.85,2.53402,1.34425
1.65,2.28896,1.34425
1.6,2.22527,1.34425
0.5,0.628609,1.34425
0.15,0.162013,1.34425
0.4,0.484892,1.34425
0.95,1.311,1.34425
0.9,1.23518,1.34425
1.1,1.53493,1.34425
