Inputs,"f(x,y)","f*(x,y)"
[ 0.2  1. ],0.501597,1.59068
[ 1.          0.60000002],0.614731,1.59068
[-5.         -4.19999981],1.9952,1.59069
[-0.60000002 -5.        ],1.11313,1.59069
[-4.5999999  4.5999999],1.99554,1.59069
[ 4.19999981 -3.        ],1.9846,1.59067
[-1.39999998  3.        ],1.78126,1.59069
[ 1.79999995 -2.5999999 ],1.89161,1.59068
