Inputs,"f(x,y)","f*(x,y)"
1.0,1.38629,1.41432
0.4,0.484892,0.46676
1.3,1.82245,1.88103
0.1,0.105261,0.121039
1.8,2.47418,2.41952
1.45,2.0283,2.07688
1.9,2.59294,2.4911
1.4,1.96066,2.01489
1.25,1.75191,1.8094
0.85,1.15896,1.16176
1.5,2.09495,2.13551
1.6,2.22527,2.24275
