Inputs,"f(x,y)","f*(x,y)"
1.75,2.4134,2.35848
0.85,1.15896,1.20223
1.95,2.65094,2.54926
0.95,1.311,1.35176
0.15,0.162013,0.105379
1.05,1.46097,1.49709
0.05,0.051287,-0.0480804
1.3,1.82245,1.83825
1.8,2.47418,2.40846
1.55,2.1606,2.1429
0.3,0.348542,0.340005
1.5,2.09495,2.08507
