Inputs,"f(x,y)","f*(x,y)"
[ 4.4385314   4.34443808],1.99463,1.36693
[-0.83725363 -2.0672183 ],1.27757,1.36678
[-3.77680516  1.02432191],1.51912,1.36674
[-1.51859164  4.8656683 ],1.83995,1.36684
[ 1.33141673 -3.38602591],1.75104,1.3668
[ 4.41690159  3.56043482],1.9912,1.36692
[-0.85916322  0.48985454],0.407146,1.3668
[-4.09299946  3.92285967],1.99224,1.36678
