Inputs,"f(x,y)","f*(x,y)"
[-2.66864491  4.84560776],1.97885,1.67779
[-0.00952195 -1.94312787],0.934453,1.67781
[-3.03936243  1.66112351],1.87233,1.6778
[ 3.33347583  1.68534994],1.88169,1.6778
[-3.32359266 -0.49166039],1.04708,1.67781
[-2.76035452 -2.43904424],1.95559,1.67781
[-0.24804549 -0.35181624],0.0188602,1.6778
[ 3.65827703 -0.05063509],0.994454,1.6778
