Inputs,"f(x,y)","f*(x,y)"
0.15,0.162013,0.0940394
0.55,0.70254,0.71918
0.0,0.0,-0.132109
1.9,2.59294,2.54942
0.35,0.415663,0.404249
1.0,1.38629,1.41315
0.05,0.051287,-0.0575065
1.35,1.89204,1.90619
0.2,0.221542,0.170828
0.9,1.23518,1.26311
1.25,1.75191,1.77117
0.75,1.0059,1.03267
