Inputs,"f(x,y)","f*(x,y)"
[-2.20000005 -1.        ],1.45906,1.53841
[ 4.19999981  2.5999999 ],1.97538,1.53829
[-2.5999999 -3.       ],1.96639,1.53846
[-1.         -1.79999995],1.41303,1.53843
[ 3.4000001  0.2      ],0.99417,1.53834
[ 2.5999999   3.79999995],1.97381,1.53825
[-0.2        4.5999999],0.999369,1.53826
[ 3.        -4.5999999],1.98558,1.53844
