Inputs,"f(x,y)","f*(x,y)"
[ 3.          4.19999981],1.9846,1.55583
[-3.  3.],1.97561,1.47512
[-4.19999981 -4.19999981],1.99359,1.45772
[-1.79999995  1.        ],1.41303,1.48042
[ 4.19999981 -1.39999998],1.79025,1.57319
[-2.5999999 -3.4000001],1.97116,1.46889
[ 2.5999999 -0.2      ],0.980183,1.5618
[ 0.60000002  3.79999995],1.10996,1.52467
