Inputs,"f(x,y)","f*(x,y)"
0.35,0.415663,1.33285
0.25,0.283768,1.33285
1.4,1.96066,1.33285
1.75,2.4134,1.33285
0.9,1.23518,1.33285
0.3,0.348542,1.33285
1.45,2.0283,1.33285
1.2,1.68046,1.33285
0.4,0.484892,1.33285
1.15,1.60811,1.33285
0.85,1.15896,1.33285
1.65,2.28896,1.33285
