Inputs,"f(x,y)","f*(x,y)"
1.15345,1.61313,1.64012
1.04165,1.44855,1.47909
0.702365,0.933018,0.963309
1.36393,1.91125,1.92773
1.53233,2.13752,2.14151
1.24689,1.7475,1.77046
0.28828,0.333141,0.30669
1.51194,2.11072,2.11644
1.71705,2.37283,2.35806
0.248528,0.281899,0.243736
0.804111,1.08878,1.12146
1.94893,2.64971,2.60268
