Inputs,"f(x,y)","f*(x,y)"
[-1.   0.2],0.501597,1.58781
[-4.5999999   3.79999995],1.993,1.581
[ 0.60000002  4.5999999 ],1.1125,1.57717
[-2.20000005 -1.        ],1.45906,1.59293
[-3.4000001  -3.79999995],1.9878,1.59922
[-0.60000002 -3.        ],1.10254,1.59705
[ 4.19999981 -1.39999998],1.79025,1.58864
[ 3.4000001 -3.4000001],1.98514,1.5949
