Inputs,"f(x,y)","f*(x,y)"
1.5,2.09495,1.20925
0.95,1.311,1.20882
1.1,1.53493,1.20894
1.95,2.65094,1.20956
0.35,0.415663,1.20832
1.0,1.38629,1.20886
0.5,0.628609,1.20845
0.85,1.15896,1.20874
1.55,2.1606,1.20928
1.05,1.46097,1.2089
1.6,2.22527,1.20932
1.7,2.35166,1.20939
