Inputs,"f(x,y)","f*(x,y)"
0.428257,0.52485,1.50178
1.26644,1.77521,1.5018
0.907318,1.24631,1.50179
0.0267949,0.0271599,1.50178
0.546592,0.697465,1.50179
0.0617023,0.0636735,1.50178
1.69666,2.3475,1.5018
0.536379,0.682287,1.50179
1.85102,2.53523,1.5018
1.33546,1.87189,1.5018
1.55663,2.16924,1.5018
0.890139,1.22018,1.50179
