Inputs,"f(x,y)","f*(x,y)"
0.15,0.162013,0.203049
1.15,1.60811,1.63644
0.6,0.777488,0.722601
0.8,1.08248,1.03839
0.75,1.0059,0.955682
1.0,1.38629,1.38169
0.4,0.484892,0.456995
1.4,1.96066,2.01603
1.35,1.89204,1.94623
0.95,1.311,1.2951
0.1,0.105261,0.161817
1.65,2.28896,2.3131
