Inputs,"f(x,y)","f*(x,y)"
0.196726,0.217561,1.65802
1.61502,2.24451,1.66058
0.554026,0.708542,1.6587
0.592067,0.76554,1.65878
0.307981,0.359104,1.65823
0.322556,0.378544,1.65826
0.724306,0.966569,1.65903
1.17344,1.64213,1.65984
1.45349,2.03298,1.66032
1.00355,1.39161,1.65954
0.0024934,0.00249651,1.65764
1.7529,2.41695,1.6608
