Inputs,"f(x,y)","f*(x,y)"
[-0.75770605  1.22868121],0.942936,1.29104
[ 3.50370288  2.55535841],1.97049,1.29104
[-1.59980631  2.62462997],1.84692,1.29104
[ 0.29338905  4.58432817],1.0051,1.29104
[-1.877262   -3.05038309],1.91406,1.29104
[-4.04187155 -4.41900682],1.99365,1.29104
[ 0.64237303 -4.21802759],1.14235,1.29104
[ 0.7663756   3.78551841],1.25164,1.29104
