Inputs,"f(x,y)","f*(x,y)"
[ 3.79999995  3.79999995],1.99045,1.6277
[ 4.19999981 -1.        ],1.4968,1.62764
[ 2.5999999  -4.19999981],1.97538,1.62762
[-3.4000001   0.60000002],1.1073,1.62777
[-4.5999999  1.       ],1.49777,1.62778
[-2.20000005 -0.60000002],1.07379,1.62774
[ 0.60000002 -0.2       ],0.116328,1.6277
[ 4.5999999  3.4000001],1.99034,1.62769
