Inputs,"f(x,y)","f*(x,y)"
[-0.2         2.20000005],0.960657,1.67151
[ 0.60000002  3.79999995],1.10996,1.67177
[-3. -1.],1.4878,1.67073
[ 2.20000005  1.79999995],1.87208,1.67187
[ 0.2 -0.2],0.00319489,1.67135
[-3.4000001 -2.5999999],1.97116,1.67068
[-4.19999981 -0.60000002],1.11153,1.67066
[ 3.4000001 -5.       ],1.99098,1.67137
