Inputs,"f(x,y)","f*(x,y)"
[ 1.         3.4000001],1.49257,1.55291
[-4.5999999  -1.79999995],1.9108,1.55294
[ 1.39999998 -4.5999999 ],1.79123,1.55293
[-3. -1.],1.4878,1.55293
[-2.5999999  0.2      ],0.980183,1.55293
[ 4.19999981 -1.39999998],1.79025,1.55292
[-2.20000005 -3.79999995],1.95429,1.55294
[ 4.5999999  -0.60000002],1.1125,1.55292
