Inputs,"f(x,y)","f*(x,y)"
[-0.89317518  4.00930691],1.38506,1.66797
[ 4.71359587 -4.59842682],1.99575,1.65994
[-4.13389826 -4.65816879],1.99447,1.66365
[ 1.08385015  3.01227736],1.56783,1.6665
[-1.18246603 -0.26892668],0.666798,1.66478
[-3.71757293  2.77074099],1.97811,1.66785
[ 4.05329609  1.04979682],1.54475,1.66417
[ 1.84777713 -1.37380695],1.7018,1.66284
