Inputs,"f(x,y)","f*(x,y)"
0.95,1.311,1.29015
0.75,1.0059,1.29015
1.6,2.22527,1.29015
1.9,2.59294,1.29015
1.8,2.47418,1.29015
1.0,1.38629,1.29015
0.2,0.221542,1.29015
1.75,2.4134,1.29015
1.4,1.96066,1.29015
0.1,0.105261,1.29015
0.6,0.777488,1.29015
0.5,0.628609,1.29015
