Inputs,"f(x,y)","f*(x,y)"
1.38715,1.94311,1.97444
1.56275,2.17719,2.18306
0.737921,0.987408,1.05201
1.06442,1.48238,1.54233
1.40538,1.96799,1.99701
0.204233,0.226708,0.197611
0.753909,1.01189,1.07696
0.935159,1.28854,1.35356
0.74662,1.00073,1.06559
1.50945,2.10744,2.12181
1.57777,2.19664,2.2
0.269192,0.308339,0.301699
