Inputs,"f(x,y)","f*(x,y)"
1.85,2.53402,1.22681
1.05,1.46097,1.22682
1.8,2.47418,1.22681
1.6,2.22527,1.22682
1.75,2.4134,1.22682
0.25,0.283768,1.22683
1.0,1.38629,1.22682
0.8,1.08248,1.22682
0.0,0.0,1.22683
1.25,1.75191,1.22682
1.45,2.0283,1.22682
0.9,1.23518,1.22682
