Inputs,"f(x,y)","f*(x,y)"
[ 3.7352736  -2.51070452],1.97034,1.62256
[-0.45992601  4.65648985],1.04071,1.17095
[-0.85619837  1.76248872],1.25565,1.24612
[-1.71135616  2.40117931],1.86639,1.21775
[ 4.52398729 -2.93046308],1.98424,1.63562
[-4.9241128  -3.06271958],1.98706,1.48518
[-2.69605398 -2.4227643 ],1.95322,1.49749
[ 1.0428915   1.40381777],1.33713,1.31066
