Inputs,"f(x,y)","f*(x,y)"
0.575226,0.740242,1.29456
1.82498,2.5042,1.29456
0.874461,1.19629,1.29456
0.831971,1.13141,1.29456
1.73182,2.39106,1.29456
0.925232,1.2735,1.29456
0.200442,0.22208,1.29456
0.531616,0.675225,1.29456
0.565747,0.726047,1.29456
0.845211,1.15165,1.29456
1.22081,1.71031,1.29456
1.97783,2.68284,1.29456
