Inputs,"f(x,y)","f*(x,y)"
0.2,0.221542,1.41112
0.1,0.105261,1.41112
0.6,0.777488,1.41111
0.15,0.162013,1.41112
0.7,0.929404,1.41111
1.2,1.68046,1.41111
0.65,0.853191,1.41111
1.8,2.47418,1.41111
1.9,2.59294,1.41111
1.7,2.35166,1.41111
0.8,1.08248,1.41111
0.4,0.484892,1.41112
