Inputs,"f(x,y)","f*(x,y)"
[-0.60000002  2.20000005],1.07379,1.69752
[-3.79999995  2.5999999 ],1.97381,1.68396
[ 4.5999999   3.79999995],1.993,1.69394
[ 2.20000005 -3.        ],1.94686,1.53506
[-2.5999999  0.2      ],0.980183,1.6313
[ 3.79999995 -1.39999998],1.78868,1.60021
[-3.         -0.60000002],1.10254,1.61505
[ 1.          0.60000002],0.614731,1.64104
