Altura Maxima,#Amostras,#Execucao,MSE (Melhor),Altura (Melhor),Tempo Execucao
17,2000,1,1.14280008662,2,85.53073263168335
17,2000,2,1.1421624936028527,1,85.22894406318665
17,2000,3,1.1043850882650388,1,85.46399736404419
17,2000,4,1.1116701007487988,3,87.46089243888855
17,2000,5,1.113007143495975,1,85.89637780189514
17,2000,6,1.12335332939,15,155.603990316391
17,2000,7,1.1311246541642215,2,89.69363212585449
17,2000,8,1.1354271554863982,1,85.63843369483948
